name,type,version,versionIndex,numOfClassesInPackage,linesOfCode,freqOfChanges,percCommitsClassChanged,changeHasOccurredMetric,percCommitsPackChanged,totalAmountOfChanges
org/apache/cassandra/service/RangeSliceResponseResolver.java,class,unversioned,1,0,25,0,0,0,0,0
org/apache/cassandra/db/CounterColumn.java,class,unversioned,1,0,6,0,0,0,0,0
org/apache/cassandra/io/sstable/Component.java,class,unversioned,1,0,18,0,0,0,0,0
org/apache/cassandra/db/compaction/CompactionInfo.java,class,unversioned,1,0,47,0,0,0,0,0
org/apache/cassandra/db/Memtable.java,class,unversioned,1,0,13,0,0,0,0,0
org/apache/cassandra/utils/IntervalTree/Interval.java,class,unversioned,1,0,36,0,0,0,0,0
org/apache/cassandra/db/compaction/ParallelCompactionIterable.java,class,unversioned,1,0,17,0,0,0,0,0
org/apache/cassandra/db/SuperColumn.java,class,unversioned,1,0,159,0,0,0,0,0
org/apache/cassandra/db/index/PerRowSecondaryIndex.java,class,unversioned,1,0,11,0,0,0,0,0
org/apache/cassandra/service/RangeSliceResponseResolver.java,class,unversioned,1,0,12,0,0,0,0,0
org/apache/cassandra/utils/IntervalTree/Interval.java,class,unversioned,1,0,4,0,0,0,0,0
org/apache/cassandra/service/AbstractWriteResponseHandler.java,class,unversioned,1,0,41,0,0,0,0,0
org/apache/cassandra/scheduler/IRequestScheduler.java,class,unversioned,1,0,3,0,0,0,0,0
org/apache/cassandra/io/sstable/SSTableReader.java,class,unversioned,1,0,4,0,0,0,0,0
org/apache/cassandra/db/Memtable.java,class,unversioned,1,0,219,0,0,0,0,0
org/apache/cassandra/db/compaction/ParallelCompactionIterable.java,class,unversioned,1,0,87,0,0,0,0,0
org/apache/cassandra/auth/AllowAllAuthenticator.java,class,unversioned,1,0,10,0,0,0,0,0
org/apache/cassandra/service/AntiEntropyService.java,class,unversioned,1,0,45,0,0,0,0,0
org/apache/cassandra/hadoop/ColumnFamilyInputFormat.java,class,unversioned,1,0,26,0,0,0,0,0
org/apache/cassandra/db/CounterColumn.java,class,unversioned,1,0,204,0,0,0,0,0
org/apache/cassandra/service/CassandraDaemon.java,class,unversioned,1,0,10,0,0,0,0,0
org/apache/cassandra/db/compaction/CompactionIterable.java,class,unversioned,1,0,4,0,0,0,0,0
org/apache/cassandra/db/Memtable.java,class,unversioned,1,0,17,0,0,0,0,0
org/apache/cassandra/db/compaction/ParallelCompactionIterable.java,class,unversioned,1,0,30,0,0,0,0,0
org/apache/cassandra/db/SuperColumnSerializer.java,class,unversioned,1,0,46,0,0,0,0,0
org/apache/cassandra/service/AntiEntropyService.java,class,unversioned,1,0,78,0,0,0,0,0
org/apache/cassandra/scheduler/WeightedQueueMBean.java,class,unversioned,1,0,6,0,0,0,0,0
org/apache/cassandra/io/sstable/SSTableReader.java,class,unversioned,1,0,4,0,0,0,0,0
org/apache/cassandra/io/sstable/Component.java,class,unversioned,1,0,91,0,0,0,0,0
org/apache/cassandra/cql/QueryProcessor.java,class,unversioned,1,0,6,0,0,0,0,0
org/apache/cassandra/service/RangeSliceResponseResolver.java,class,unversioned,1,0,85,0,0,0,0,0
org/apache/cassandra/io/sstable/IndexHelper.java,class,unversioned,1,0,23,0,0,0,0,0
org/apache/cassandra/db/CounterMutationSerializer.java,class,unversioned,1,0,13,0,0,0,0,0
org/apache/cassandra/db/compaction/CompactionIterable.java,class,unversioned,1,0,60,0,0,0,0,0
org/apache/cassandra/db/MeteredFlusher.java,class,unversioned,1,0,10,0,0,0,0,0
org/apache/cassandra/db/compaction/ParallelCompactionIterable.java,class,unversioned,1,0,20,0,0,0,0,0
org/apache/cassandra/db/CounterMutation.java,class,unversioned,1,0,84,0,0,0,0,0
org/apache/cassandra/db/compaction/CompactionIterable.java,class,unversioned,1,0,27,0,0,0,0,0
org/apache/cassandra/io/sstable/SSTableReader.java,class,unversioned,1,0,4,0,0,0,0,0
org/apache/cassandra/io/sstable/Descriptor.java,class,unversioned,1,0,127,0,0,0,0,0
org/apache/cassandra/cql/QueryProcessor.java,class,unversioned,1,0,604,0,0,0,0,0
org/apache/cassandra/service/RangeSliceVerbHandler.java,class,unversioned,1,0,18,0,0,0,0,0
org/apache/cassandra/utils/IntervalTree/IntervalTree.java,class,unversioned,1,0,53,0,0,0,0,0
org/apache/cassandra/service/AntiEntropyService.java,class,unversioned,1,0,36,0,0,0,0,0
org/apache/cassandra/service/IReadCommand.java,class,unversioned,1,0,2,0,0,0,0,0
org/apache/cassandra/net/IncomingTcpConnection.java,class,unversioned,1,0,93,0,0,0,0,0
org/apache/cassandra/hadoop/ColumnFamilyInputFormat.java,class,unversioned,1,0,5,0,0,0,0,0
org/apache/cassandra/io/sstable/IndexHelper.java,class,unversioned,1,0,76,0,0,0,0,0
org/apache/cassandra/service/AntiEntropyService.java,class,unversioned,1,0,26,0,0,0,0,0
org/apache/cassandra/db/commitlog/CommitLog.java,class,unversioned,1,0,4,0,0,0,0,0
org/apache/cassandra/db/CounterMutationVerbHandler.java,class,unversioned,1,0,21,0,0,0,0,0
org/apache/cassandra/db/compaction/CompactionManager.java,class,unversioned,1,0,26,0,0,0,0,0
org/apache/cassandra/hadoop/ColumnFamilyInputFormat.java,class,unversioned,1,0,144,0,0,0,0,0
org/apache/cassandra/db/MeteredFlusher.java,class,unversioned,1,0,56,0,0,0,0,0
org/apache/cassandra/db/compaction/ParallelCompactionIterable.java,class,unversioned,1,0,42,0,0,0,0,0
org/apache/cassandra/db/commitlog/BatchCommitLogExecutorService.java,class,unversioned,1,0,104,0,0,0,0,0
org/apache/cassandra/service/ReadCallback.java,class,unversioned,1,0,14,0,0,0,0,0
org/apache/cassandra/service/AntiEntropyService.java,class,unversioned,1,0,5,0,0,0,0,0
org/apache/cassandra/net/Message.java,class,unversioned,1,0,52,0,0,0,0,0
org/apache/cassandra/service/IResponseResolver.java,class,unversioned,1,0,7,0,0,0,0,0
org/apache/cassandra/thrift/TCustomSocket.java,class,unversioned,1,0,96,0,0,0,0,0
org/apache/cassandra/service/AntiEntropyService.java,class,unversioned,1,0,46,0,0,0,0,0
org/apache/cassandra/service/StorageProxy.java,class,unversioned,1,0,2,0,0,0,0,0
org/apache/cassandra/db/compaction/CompactionManager.java,class,unversioned,1,0,4,0,0,0,0,0
org/apache/cassandra/hadoop/ColumnFamilyOutputFormat.java,class,unversioned,1,0,59,0,0,0,0,0
org/apache/cassandra/db/RangeSliceCommandSerializer.java,class,unversioned,1,0,33,0,0,0,0,0
org/apache/cassandra/db/commitlog/CommitLog.java,class,unversioned,1,0,20,0,0,0,0,0
org/apache/cassandra/db/ArrayBackedSortedColumns.java,class,unversioned,1,0,7,0,0,0,0,0
org/apache/cassandra/db/CounterUpdateColumn.java,class,unversioned,1,0,34,0,0,0,0,0
org/apache/cassandra/cql/RelationType.java,class,unversioned,1,0,23,0,0,0,0,0
org/apache/cassandra/db/compaction/CompactionManager.java,class,unversioned,1,0,26,0,0,0,0,0
org/apache/cassandra/hadoop/ColumnFamilyOutputFormat.java,class,unversioned,1,0,14,0,0,0,0,0
org/apache/cassandra/db/RangeSliceCommand.java,class,unversioned,1,0,36,0,0,0,0,0
org/apache/cassandra/db/compaction/ParallelCompactionIterable.java,class,unversioned,1,0,32,0,0,0,0,0
org/apache/cassandra/service/IWriteResponseHandler.java,class,unversioned,1,0,4,0,0,0,0,0
org/apache/cassandra/net/MessageDeliveryTask.java,class,unversioned,1,0,23,0,0,0,0,0
org/apache/cassandra/gms/IFailureDetectionEventListener.java,class,unversioned,1,0,2,0,0,0,0,0
org/apache/cassandra/thrift/ThriftValidation.java,class,unversioned,1,0,426,0,0,0,0,0
org/apache/cassandra/io/sstable/IndexSummary.java,class,unversioned,1,0,13,0,0,0,0,0
org/apache/cassandra/io/sstable/KeyIterator.java,class,unversioned,1,0,35,0,0,0,0,0
org/apache/cassandra/utils/AbstractStatsDeque.java,class,unversioned,1,0,30,0,0,0,0,0
org/apache/cassandra/db/ArrayBackedSortedColumns.java,class,unversioned,1,0,11,0,0,0,0,0
org/apache/cassandra/db/DataTracker.java,class,unversioned,1,0,8,0,0,0,0,0
org/apache/cassandra/db/compaction/CompactionManager.java,class,unversioned,1,0,9,0,0,0,0,0
org/apache/cassandra/hadoop/ColumnFamilyRecordReader.java,class,unversioned,1,0,112,0,0,0,0,0
org/apache/cassandra/gms/GossipDigest.java,class,unversioned,1,0,39,0,0,0,0,0
org/apache/cassandra/db/commitlog/CommitLog.java,class,unversioned,1,0,4,0,0,0,0,0
org/apache/cassandra/db/ArrayBackedSortedColumns.java,class,unversioned,1,0,10,0,0,0,0,0
org/apache/cassandra/cql/jdbc/JdbcDecimal.java,class,unversioned,1,0,48,0,0,0,0,0
org/apache/cassandra/gms/IFailureDetector.java,class,unversioned,1,0,8,0,0,0,0,0
org/apache/cassandra/tools/BulkLoader.java,class,unversioned,1,0,51,0,0,0,0,0
org/apache/cassandra/io/sstable/IndexSummary.java,class,unversioned,1,0,43,0,0,0,0,0
org/apache/cassandra/utils/obs/OpenBitSet.java,class,unversioned,1,0,372,0,0,0,0,0
org/apache/cassandra/cql/SelectStatement.java,class,unversioned,1,0,92,0,0,0,0,0
org/apache/cassandra/service/AntiEntropyService.java,class,unversioned,1,0,4,0,0,0,0,0
org/apache/cassandra/cql/jdbc/JdbcDouble.java,class,unversioned,1,0,43,0,0,0,0,0
org/apache/cassandra/net/MessagingService.java,class,unversioned,1,0,4,0,0,0,0,0
org/apache/cassandra/service/StorageProxyMBean.java,class,unversioned,1,0,26,0,0,0,0,0
org/apache/cassandra/service/AntiEntropyService.java,class,unversioned,1,0,223,0,0,0,0,0
org/apache/cassandra/streaming/StreamRequestMessage.java,class,unversioned,1,0,52,0,0,0,0,0
org/apache/cassandra/gms/GossipDigestAck2MessageSerializer.java,class,unversioned,1,0,11,0,0,0,0,0
org/apache/cassandra/db/commitlog/CommitLog.java,class,unversioned,1,0,6,0,0,0,0,0
org/apache/cassandra/db/ArrayBackedSortedColumns.java,class,unversioned,1,0,18,0,0,0,0,0
org/apache/cassandra/db/DataTracker.java,class,unversioned,1,0,65,0,0,0,0,0
org/apache/cassandra/db/compaction/CompactionManager.java,class,unversioned,1,0,4,0,0,0,0,0
org/apache/cassandra/hadoop/ColumnFamilyRecordReader.java,class,unversioned,1,0,245,0,0,0,0,0
org/apache/cassandra/gms/GossipDigestAck2Message.java,class,unversioned,1,0,15,0,0,0,0,0
org/apache/cassandra/cql/StatementType.java,class,unversioned,1,0,17,0,0,0,0,0
org/apache/cassandra/db/commitlog/CommitLog.java,class,unversioned,1,0,5,0,0,0,0,0
org/apache/cassandra/service/AntiEntropyService.java,class,unversioned,1,0,39,0,0,0,0,0
org/apache/cassandra/service/StorageServiceMBean.java,class,unversioned,1,0,65,0,0,0,0,0
org/apache/cassandra/locator/Ec2MultiRegionSnitch.java,class,unversioned,1,0,52,0,0,0,0,0
org/apache/cassandra/net/MessagingService.java,class,unversioned,1,0,25,0,0,0,0,0
org/apache/cassandra/cql/jdbc/JdbcFloat.java,class,unversioned,1,0,43,0,0,0,0,0
org/apache/cassandra/io/compress/ICompressor.java,class,unversioned,1,0,10,0,0,0,0,0
org/apache/cassandra/tools/BulkLoader.java,class,unversioned,1,0,56,0,0,0,0,0
org/apache/cassandra/utils/CloseableIterator.java,class,unversioned,1,0,0,0,0,0,0,0
org/apache/cassandra/locator/EndpointSnitchInfo.java,class,unversioned,1,0,15,0,0,0,0,0
org/apache/cassandra/net/MessagingService.java,class,unversioned,1,0,391,0,0,0,0,0
org/apache/cassandra/io/util/FileDataInput.java,class,unversioned,1,0,8,0,0,0,0,0
org/apache/cassandra/tools/BulkLoader.java,class,unversioned,1,0,9,0,0,0,0,0
org/apache/cassandra/utils/BigLongArray.java,class,unversioned,1,0,35,0,0,0,0,0
org/apache/cassandra/db/DecoratedKey.java,class,unversioned,1,0,4,0,0,0,0,0
org/apache/cassandra/db/compaction/CompactionManager.java,class,unversioned,1,0,39,0,0,0,0,0
org/apache/cassandra/hadoop/ColumnFamilyRecordWriter.java,class,unversioned,1,0,143,0,0,0,0,0
org/apache/cassandra/gms/GossipDigestAck2VerbHandler.java,class,unversioned,1,0,19,0,0,0,0,0
org/apache/cassandra/db/commitlog/CommitLog.java,class,unversioned,1,0,4,0,0,0,0,0
org/apache/cassandra/db/ArrayBackedSortedColumns.java,class,unversioned,1,0,7,0,0,0,0,0
org/apache/cassandra/cql/Term.java,class,unversioned,1,0,75,0,0,0,0,0
org/apache/cassandra/db/DataTracker.java,class,unversioned,1,0,365,0,0,0,0,0
org/apache/cassandra/db/compaction/CompactionManager.java,class,unversioned,1,0,28,0,0,0,0,0
org/apache/cassandra/hadoop/ColumnFamilyRecordWriter.java,class,unversioned,1,0,92,0,0,0,0,0
org/apache/cassandra/cql/jdbc/JdbcInt32.java,class,unversioned,1,0,43,0,0,0,0,0
org/apache/cassandra/net/MessagingService.java,class,unversioned,1,0,22,0,0,0,0,0
org/apache/cassandra/locator/Ec2Snitch.java,class,unversioned,1,0,50,0,0,0,0,0
org/apache/cassandra/streaming/StreamingServiceMBean.java,class,unversioned,1,0,6,0,0,0,0,0
org/apache/cassandra/tools/BulkLoader.java,class,unversioned,1,0,89,0,0,0,0,0
org/apache/cassandra/utils/Allocator.java,class,unversioned,1,0,10,0,0,0,0,0
org/apache/cassandra/io/sstable/SSTableLoader.java,class,unversioned,1,0,3,0,0,0,0,0
org/apache/cassandra/streaming/StreamRequestMessage.java,class,unversioned,1,0,115,0,0,0,0,0
org/apache/cassandra/net/OutboundTcpConnection.java,class,unversioned,1,0,125,0,0,0,0,0
org/apache/cassandra/utils/IMergeIterator.java,class,unversioned,1,0,2,0,0,0,0,0
org/apache/cassandra/tools/BulkLoader.java,class,unversioned,1,0,252,0,0,0,0,0
org/apache/cassandra/io/util/FileMark.java,class,unversioned,1,0,0,0,0,0,0,0
org/apache/cassandra/concurrent/JMXEnabledThreadPoolExecutorMBean.java,class,unversioned,1,0,3,0,0,0,0,0
org/apache/cassandra/db/commitlog/CommitLog.java,class,unversioned,1,0,308,0,0,0,0,0
org/apache/cassandra/db/ArrayBackedSortedColumns.java,class,unversioned,1,0,42,0,0,0,0,0
org/apache/cassandra/dht/BootStrapper.java,class,unversioned,1,0,12,0,0,0,0,0
org/apache/cassandra/db/DecoratedKey.java,class,unversioned,1,0,41,0,0,0,0,0
org/apache/cassandra/hadoop/ColumnFamilySplit.java,class,unversioned,1,0,51,0,0,0,0,0
org/apache/cassandra/cql/TermType.java,class,unversioned,1,0,19,0,0,0,0,0
org/apache/cassandra/gms/GossipDigestAckMessage.java,class,unversioned,1,0,20,0,0,0,0,0
org/apache/cassandra/cql/jdbc/JdbcInteger.java,class,unversioned,1,0,41,0,0,0,0,0
org/apache/cassandra/db/commitlog/CommitLog.java,class,unversioned,1,0,18,0,0,0,0,0
org/apache/cassandra/db/ArrayBackedSortedColumns.java,class,unversioned,1,0,10,0,0,0,0,0
org/apache/cassandra/concurrent/JMXConfigurableThreadPoolExecutorMBean.java,class,unversioned,1,0,3,0,0,0,0,0
org/apache/cassandra/cql/UpdateStatement.java,class,unversioned,1,0,106,0,0,0,0,0
org/apache/cassandra/streaming/StreamRequestVerbHandler.java,class,unversioned,1,0,17,0,0,0,0,0
org/apache/cassandra/locator/LocalStrategy.java,class,unversioned,1,0,12,0,0,0,0,0
org/apache/cassandra/io/util/MappedFileDataInput.java,class,unversioned,1,0,93,0,0,0,0,0
org/apache/cassandra/streaming/StreamingRepairTask.java,class,unversioned,1,0,9,0,0,0,0,0
org/apache/cassandra/locator/OldNetworkTopologyStrategy.java,class,unversioned,1,0,50,0,0,0,0,0
org/apache/cassandra/gms/GossipDigestAckVerbHandler.java,class,unversioned,1,0,37,0,0,0,0,0
org/apache/cassandra/db/commitlog/CommitLogSegment.java,class,unversioned,1,0,118,0,0,0,0,0
org/apache/cassandra/db/ArrayBackedSortedColumns.java,class,unversioned,1,0,243,0,0,0,0,0
org/apache/cassandra/hadoop/ConfigHelper.java,class,unversioned,1,0,194,0,0,0,0,0
org/apache/cassandra/cql/jdbc/JdbcLexicalUUID.java,class,unversioned,1,0,16,0,0,0,0,0
org/apache/cassandra/dht/BootStrapper.java,class,unversioned,1,0,7,0,0,0,0,0
org/apache/cassandra/cql/WhereClause.java,class,unversioned,1,0,84,0,0,0,0,0
org/apache/cassandra/gms/GossipDigestAckMessageSerializer.java,class,unversioned,1,0,15,0,0,0,0,0
org/apache/cassandra/config/ColumnDefinition.java,class,unversioned,1,0,110,0,0,0,0,0
org/apache/cassandra/streaming/StreamingRepairTask.java,class,unversioned,1,0,11,0,0,0,0,0
org/apache/cassandra/cql/jdbc/JdbcLong.java,class,unversioned,1,0,43,0,0,0,0,0
org/apache/cassandra/net/OutboundTcpConnectionPool.java,class,unversioned,1,0,52,0,0,0,0,0
org/apache/cassandra/locator/NetworkTopologyStrategy.java,class,unversioned,1,0,70,0,0,0,0,0
org/apache/cassandra/utils/Throttle.java,class,unversioned,1,0,2,0,0,0,0,0
org/apache/cassandra/tools/ColumnFamilyStoreMBeanIterator.java,class,unversioned,1,0,20,0,0,0,0,0
org/apache/cassandra/io/util/IIterableColumns.java,class,unversioned,1,0,3,0,0,0,0,0
org/apache/cassandra/db/columniterator/IColumnIterator.java,class,unversioned,1,0,4,0,0,0,0,0
org/apache/cassandra/streaming/StreamingRepairTask.java,class,unversioned,1,0,23,0,0,0,0,0
org/apache/cassandra/net/ResponseVerbHandler.java,class,unversioned,1,0,21,0,0,0,0,0
org/apache/cassandra/locator/PropertyFileSnitch.java,class,unversioned,1,0,4,0,0,0,0,0
org/apache/cassandra/tools/NodeCmd.java,class,unversioned,1,0,37,0,0,0,0,0
org/apache/cassandra/io/ISerializer.java,class,unversioned,1,0,4,0,0,0,0,0
org/apache/cassandra/service/StorageService.java,class,unversioned,1,0,4,0,0,0,0,0
org/apache/cassandra/dht/BootStrapper.java,class,unversioned,1,0,167,0,0,0,0,0
org/apache/cassandra/gms/GossipDigestSerializationHelper.java,class,unversioned,1,0,16,0,0,0,0,0
org/apache/cassandra/db/commitlog/PeriodicCommitLogExecutorService.java,class,unversioned,1,0,11,0,0,0,0,0
org/apache/cassandra/db/CollationController.java,class,unversioned,1,0,11,0,0,0,0,0
org/apache/cassandra/db/columniterator/IdentityQueryFilter.java,class,unversioned,1,0,7,0,0,0,0,0
org/apache/cassandra/config/Config.java,class,unversioned,1,0,2,0,0,0,0,0
org/apache/cassandra/dht/BootStrapper.java,class,unversioned,1,0,19,0,0,0,0,0
org/apache/cassandra/cql/jdbc/JdbcTimeUUID.java,class,unversioned,1,0,20,0,0,0,0,0
org/apache/cassandra/io/compress/CompressedRandomAccessReader.java,class,unversioned,1,0,53,0,0,0,0,0
org/apache/cassandra/io/IColumnSerializer.java,class,unversioned,1,0,6,0,0,0,0,0
org/apache/cassandra/db/columniterator/ICountableColumnIterator.java,class,unversioned,1,0,3,0,0,0,0,0
org/apache/cassandra/io/util/MemoryInputStream.java,class,unversioned,1,0,21,0,0,0,0,0
org/apache/cassandra/locator/PropertyFileSnitch.java,class,unversioned,1,0,70,0,0,0,0,0
org/apache/cassandra/db/commitlog/PeriodicCommitLogExecutorService.java,class,unversioned,1,0,5,0,0,0,0,0
org/apache/cassandra/io/IVersionedSerializer.java,class,unversioned,1,0,4,0,0,0,0,0
org/apache/cassandra/tools/NodeCmd.java,class,unversioned,1,0,4,0,0,0,0,0
org/apache/cassandra/db/commitlog/CommitLogMBean.java,class,unversioned,1,0,4,0,0,0,0,0
org/apache/cassandra/service/StorageService.java,class,unversioned,1,0,6,0,0,0,0,0
org/apache/cassandra/io/util/MmappedSegmentedFile.java,class,unversioned,1,0,49,0,0,0,0,0
org/apache/cassandra/db/commitlog/PeriodicCommitLogExecutorService.java,class,unversioned,1,0,13,0,0,0,0,0
org/apache/cassandra/db/Column.java,class,unversioned,1,0,151,0,0,0,0,0
org/apache/cassandra/dht/Bounds.java,class,unversioned,1,0,26,0,0,0,0,0
org/apache/cassandra/gms/GossipDigestSerializer.java,class,unversioned,1,0,15,0,0,0,0,0
org/apache/cassandra/config/Config.java,class,unversioned,1,0,4,0,0,0,0,0
org/apache/cassandra/cql/jdbc/JdbcUTF8.java,class,unversioned,1,0,41,0,0,0,0,0
org/apache/cassandra/db/CollationController.java,class,unversioned,1,0,119,0,0,0,0,0
org/apache/cassandra/db/columniterator/IndexedSliceReader.java,class,unversioned,1,0,2,0,0,0,0,0
org/apache/cassandra/io/util/MemoryOutputStream.java,class,unversioned,1,0,14,0,0,0,0,0
org/apache/cassandra/config/Config.java,class,unversioned,1,0,1,0,0,0,0,0
org/apache/cassandra/streaming/StreamingRepairTask.java,class,unversioned,1,0,29,0,0,0,0,0
org/apache/cassandra/locator/DynamicEndpointSnitchMBean.java,class,unversioned,1,0,7,0,0,0,0,0
org/apache/cassandra/db/commitlog/ICommitLogExecutorService.java,class,unversioned,1,0,7,0,0,0,0,0
org/apache/cassandra/io/util/MmappedSegmentedFile.java,class,unversioned,1,0,106,0,0,0,0,0
org/apache/cassandra/streaming/StreamingRepairTask.java,class,unversioned,1,0,172,0,0,0,0,0
org/apache/cassandra/locator/SimpleSeedProvider.java,class,unversioned,1,0,21,0,0,0,0,0
org/apache/cassandra/gms/GossipDigestSynMessageSerializer.java,class,unversioned,1,0,13,0,0,0,0,0
org/apache/cassandra/db/ColumnFamily.java,class,unversioned,1,0,194,0,0,0,0,0
org/apache/cassandra/dht/ByteOrderedPartitioner.java,class,unversioned,1,0,6,0,0,0,0,0
org/apache/cassandra/cql/jdbc/JdbcUUID.java,class,unversioned,1,0,19,0,0,0,0,0
org/apache/cassandra/gms/GossipDigestSynMessage.java,class,unversioned,1,0,17,0,0,0,0,0
org/apache/cassandra/streaming/StreamingRepairTask.java,class,unversioned,1,0,30,0,0,0,0,0
org/apache/cassandra/locator/RackInferringSnitch.java,class,unversioned,1,0,7,0,0,0,0,0
org/apache/cassandra/service/StorageService.java,class,unversioned,1,0,11,0,0,0,0,0
org/apache/cassandra/io/util/OutputBuffer.java,class,unversioned,1,0,28,0,0,0,0,0
org/apache/cassandra/streaming/StreamingService.java,class,unversioned,1,0,52,0,0,0,0,0
org/apache/cassandra/locator/SimpleSnitch.java,class,unversioned,1,0,13,0,0,0,0,0
org/apache/cassandra/db/compaction/CompactionManager.java,class,unversioned,1,0,2,0,0,0,0,0
org/apache/cassandra/service/StorageService.java,class,unversioned,1,0,1622,0,0,0,0,0
org/apache/cassandra/dht/CollatingOrderPreservingPartitioner.java,class,unversioned,1,0,16,0,0,0,0,0
org/apache/cassandra/gms/GossipDigestSynVerbHandler.java,class,unversioned,1,0,62,0,0,0,0,0
org/apache/cassandra/cql/jdbc/MarshalException.java,class,unversioned,1,0,7,0,0,0,0,0
org/apache/cassandra/cli/CliClient.java,class,unversioned,1,0,1650,0,0,0,0,0
org/apache/cassandra/config/ConfigurationException.java,class,unversioned,1,0,7,0,0,0,0,0
org/apache/cassandra/cql/jdbc/TypesMap.java,class,unversioned,1,0,24,0,0,0,0,0
org/apache/cassandra/dht/BytesToken.java,class,unversioned,1,0,29,0,0,0,0,0
org/apache/cassandra/locator/EndpointSnitchInfoMBean.java,class,unversioned,1,0,3,0,0,0,0,0
org/apache/cassandra/service/StorageService.java,class,unversioned,1,0,7,0,0,0,0,0
org/apache/cassandra/db/compaction/CompactionInfo.java,class,unversioned,1,0,2,0,0,0,0,0
org/apache/cassandra/locator/SimpleStrategy.java,class,unversioned,1,0,25,0,0,0,0,0
org/apache/cassandra/service/TruncateResponseHandler.java,class,unversioned,1,0,31,0,0,0,0,0
org/apache/cassandra/db/compaction/CompactionManager.java,class,unversioned,1,0,3,0,0,0,0,0
org/apache/cassandra/service/ReadCallback.java,class,unversioned,1,0,117,0,0,0,0,0
org/apache/cassandra/io/util/RandomAccessReader.java,class,unversioned,1,0,182,0,0,0,0,0
org/apache/cassandra/utils/NodeId.java,class,unversioned,1,0,24,0,0,0,0,0
org/apache/cassandra/dht/LocalPartitioner.java,class,unversioned,1,0,32,0,0,0,0,0
org/apache/cassandra/thrift/CassandraDaemon.java,class,unversioned,1,0,50,0,0,0,0,0
org/apache/cassandra/config/DatabaseDescriptor.java,class,unversioned,1,0,4,0,0,0,0,0
org/apache/cassandra/cql/AbstractModification.java,class,unversioned,1,0,42,0,0,0,0,0
org/apache/cassandra/utils/NodeId.java,class,unversioned,1,0,13,0,0,0,0,0
org/apache/cassandra/io/util/RandomAccessReader.java,class,unversioned,1,0,5,0,0,0,0,0
org/apache/cassandra/cli/CliCompiler.java,class,unversioned,1,0,14,0,0,0,0,0
org/apache/cassandra/db/compaction/CompactionManagerMBean.java,class,unversioned,1,0,6,0,0,0,0,0
org/apache/cassandra/service/WriteResponseHandler.java,class,unversioned,1,0,58,0,0,0,0,0
org/apache/cassandra/service/RepairCallback.java,class,unversioned,1,0,31,0,0,0,0,0
org/apache/cassandra/utils/NodeId.java,class,unversioned,1,0,19,0,0,0,0,0
org/apache/cassandra/thrift/CassandraDaemon.java,class,unversioned,1,0,87,0,0,0,0,0
org/apache/cassandra/io/util/SegmentedFile.java,class,unversioned,1,0,3,0,0,0,0,0
org/apache/cassandra/config/DatabaseDescriptor.java,class,unversioned,1,0,586,0,0,0,0,0
org/apache/cassandra/dht/LocalToken.java,class,unversioned,1,0,28,0,0,0,0,0
org/apache/cassandra/cli/CliCompiler.java,class,unversioned,1,0,76,0,0,0,0,0
org/apache/cassandra/config/EncryptionOptions.java,class,unversioned,1,0,4,0,0,0,0,0
org/apache/cassandra/io/util/SegmentedFile.java,class,unversioned,1,0,7,0,0,0,0,0
org/apache/cassandra/utils/NodeId.java,class,unversioned,1,0,128,0,0,0,0,0
org/apache/cassandra/dht/OrderPreservingPartitioner.java,class,unversioned,1,0,21,0,0,0,0,0
org/apache/cassandra/db/filter/IFilter.java,class,unversioned,1,0,8,0,0,0,0,0
org/apache/cassandra/service/RowRepairResolver.java,class,unversioned,1,0,87,0,0,0,0,0
org/apache/cassandra/dht/OrderPreservingPartitioner.java,class,unversioned,1,0,108,0,0,0,0,0
org/apache/cassandra/db/context/IContext.java,class,unversioned,1,0,9,0,0,0,0,0
org/apache/cassandra/config/EncryptionOptions.java,class,unversioned,1,0,15,0,0,0,0,0
org/apache/cassandra/cli/CliCompleter.java,class,unversioned,1,0,9,0,0,0,0,0
org/apache/cassandra/streaming/FileStreamTask.java,class,unversioned,1,0,7,0,0,0,0,0
org/apache/cassandra/service/RowDigestResolver.java,class,unversioned,1,0,50,0,0,0,0,0
org/apache/cassandra/streaming/FileStreamTask.java,class,unversioned,1,0,95,0,0,0,0,0
org/apache/cassandra/service/SocketSessionManagementService.java,class,unversioned,1,0,27,0,0,0,0,0
org/apache/cassandra/utils/ResourceWatcher.java,class,unversioned,1,0,22,0,0,0,0,0
org/apache/cassandra/io/util/SegmentedFile.java,class,unversioned,1,0,65,0,0,0,0,0
org/apache/cassandra/utils/LegacyBloomFilterSerializer.java,class,unversioned,1,0,17,0,0,0,0,0
org/apache/cassandra/io/util/SegmentedFile.java,class,unversioned,1,0,25,0,0,0,0,0
org/apache/cassandra/dht/RandomPartitioner.java,class,unversioned,1,0,24,0,0,0,0,0
org/apache/cassandra/config/KSMetaData.java,class,unversioned,1,0,120,0,0,0,0,0
org/apache/cassandra/cli/CliMain.java,class,unversioned,1,0,214,0,0,0,0,0
org/apache/cassandra/utils/Pair.java,class,unversioned,1,0,26,0,0,0,0,0
org/apache/cassandra/utils/LegacyBloomFilter.java,class,unversioned,1,0,82,0,0,0,0,0
org/apache/cassandra/db/marshal/DynamicCompositeType.java,class,unversioned,1,0,157,0,0,0,0,0
org/apache/cassandra/service/StorageProxy.java,class,unversioned,1,0,4,0,0,0,0,0
org/apache/cassandra/io/util/SequentialWriter.java,class,unversioned,1,0,5,0,0,0,0,0
org/apache/cassandra/utils/ResourceWatcher.java,class,unversioned,1,0,27,0,0,0,0,0
org/apache/cassandra/streaming/OperationType.java,class,unversioned,1,0,5,0,0,0,0,0
org/apache/cassandra/utils/MergeIterator.java,class,unversioned,1,0,38,0,0,0,0,0
org/apache/cassandra/cli/CliOptions.java,class,unversioned,1,0,9,0,0,0,0,0
org/apache/cassandra/streaming/IncomingStreamReader.java,class,unversioned,1,0,82,0,0,0,0,0
org/apache/cassandra/db/marshal/FloatType.java,class,unversioned,1,0,40,0,0,0,0,0
org/apache/cassandra/cli/CliOptions.java,class,unversioned,1,0,113,0,0,0,0,0
org/apache/cassandra/db/marshal/Int32Type.java,class,unversioned,1,0,44,0,0,0,0,0
org/apache/cassandra/utils/MergeIterator.java,class,unversioned,1,0,17,0,0,0,0,0
org/apache/cassandra/streaming/PendingFile.java,class,unversioned,1,0,39,0,0,0,0,0
org/apache/cassandra/service/StorageProxy.java,class,unversioned,1,0,7,0,0,0,0,0
org/apache/cassandra/utils/SimpleCondition.java,class,unversioned,1,0,37,0,0,0,0,0
org/apache/cassandra/service/StorageProxy.java,class,unversioned,1,0,5,0,0,0,0,0
org/apache/cassandra/cli/CliSessionState.java,class,unversioned,1,0,38,0,0,0,0,0
org/apache/cassandra/db/marshal/IntegerType.java,class,unversioned,1,0,79,0,0,0,0,0
org/apache/cassandra/service/StorageProxy.java,class,unversioned,1,0,7,0,0,0,0,0
org/apache/cassandra/utils/SlabAllocator.java,class,unversioned,1,0,35,0,0,0,0,0
org/apache/cassandra/utils/MergeIterator.java,class,unversioned,1,0,13,0,0,0,0,0
org/apache/cassandra/utils/SkipNullRepresenter.java,class,unversioned,1,0,8,0,0,0,0,0
org/apache/cassandra/cli/CliUserHelp.java,class,unversioned,1,0,4,0,0,0,0,0
org/apache/cassandra/utils/MergeIterator.java,class,unversioned,1,0,10,0,0,0,0,0
org/apache/cassandra/db/marshal/LexicalUUIDType.java,class,unversioned,1,0,39,0,0,0,0,0
org/apache/cassandra/service/StorageProxy.java,class,unversioned,1,0,17,0,0,0,0,0
org/apache/cassandra/utils/MergeIterator.java,class,unversioned,1,0,11,0,0,0,0,0
org/apache/cassandra/db/marshal/LocalByPartionerType.java,class,unversioned,1,0,23,0,0,0,0,0
org/apache/cassandra/db/index/SecondaryIndex.java,class,unversioned,1,0,15,0,0,0,0,0
org/apache/cassandra/utils/MergeIterator.java,class,unversioned,1,0,119,0,0,0,0,0
org/apache/cassandra/client/RingCache.java,class,unversioned,1,0,48,0,0,0,0,0
org/apache/cassandra/service/StorageProxy.java,class,unversioned,1,0,5,0,0,0,0,0
org/apache/cassandra/db/index/SecondaryIndex.java,class,unversioned,1,0,117,0,0,0,0,0
org/apache/cassandra/db/marshal/LongType.java,class,unversioned,1,0,44,0,0,0,0,0
org/apache/cassandra/db/marshal/MarshalException.java,class,unversioned,1,0,7,0,0,0,0,0
org/apache/cassandra/db/SystemTable.java,class,unversioned,1,0,290,0,0,0,0,0
org/apache/cassandra/service/StorageProxy.java,class,unversioned,1,0,15,0,0,0,0,0
org/apache/cassandra/service/StorageProxy.java,class,unversioned,1,0,4,0,0,0,0,0
org/apache/cassandra/utils/MerkleTree.java,class,unversioned,1,0,30,0,0,0,0,0
org/apache/cassandra/io/sstable/SSTableReader.java,class,unversioned,1,0,20,0,0,0,0,0
org/apache/cassandra/db/Table.java,class,unversioned,1,0,9,0,0,0,0,0
org/apache/cassandra/db/index/SecondaryIndexBuilder.java,class,unversioned,1,0,23,0,0,0,0,0
org/apache/cassandra/db/Table.java,class,unversioned,1,0,4,0,0,0,0,0
org/apache/cassandra/db/index/SecondaryIndexManager.java,class,unversioned,1,0,221,0,0,0,0,0
org/apache/cassandra/db/marshal/ReversedType.java,class,unversioned,1,0,48,0,0,0,0,0
org/apache/cassandra/utils/MerkleTree.java,class,unversioned,1,0,32,0,0,0,0,0
org/apache/cassandra/utils/MerkleTree.java,class,unversioned,1,0,33,0,0,0,0,0
org/apache/cassandra/db/marshal/TimeUUIDType.java,class,unversioned,1,0,100,0,0,0,0,0
org/apache/cassandra/io/sstable/SSTableScanner.java,class,unversioned,1,0,37,0,0,0,0,0
org/apache/cassandra/db/Table.java,class,unversioned,1,0,314,0,0,0,0,0
org/apache/cassandra/io/sstable/SSTableReader.java,class,unversioned,1,0,513,0,0,0,0,0
org/apache/cassandra/db/index/SecondaryIndexSearcher.java,class,unversioned,1,0,44,0,0,0,0,0
org/apache/cassandra/db/marshal/UTF8Type.java,class,unversioned,1,0,8,0,0,0,0,0
org/apache/cassandra/db/ThreadSafeSortedColumns.java,class,unversioned,1,0,7,0,0,0,0,0
org/apache/cassandra/db/marshal/AbstractCommutativeType.java,class,unversioned,1,0,11,0,0,0,0,0
org/apache/cassandra/io/sstable/SSTableScanner.java,class,unversioned,1,0,106,0,0,0,0,0
org/apache/cassandra/db/marshal/TypeParser.java,class,unversioned,1,0,248,0,0,0,0,0
org/apache/cassandra/db/compaction/ParallelCompactionIterable.java,class,unversioned,1,0,4,0,0,0,0,0
org/apache/cassandra/db/RangeSliceReply.java,class,unversioned,1,0,30,0,0,0,0,0
org/apache/cassandra/db/compaction/ParallelCompactionIterable.java,class,unversioned,1,0,19,0,0,0,0,0
org/apache/cassandra/db/ThreadSafeSortedColumns.java,class,unversioned,1,0,78,0,0,0,0,0
org/apache/cassandra/db/marshal/AbstractCompositeType.java,class,unversioned,1,0,142,0,0,0,0,0
org/apache/cassandra/io/sstable/SSTableSimpleUnsortedWriter.java,class,unversioned,1,0,37,0,0,0,0,0
org/apache/cassandra/db/marshal/AbstractType.java,class,unversioned,1,0,4,0,0,0,0,0
org/apache/cassandra/db/ReadCommand.java,class,unversioned,1,0,44,0,0,0,0,0
org/apache/cassandra/db/compaction/ParallelCompactionIterable.java,class,unversioned,1,0,14,0,0,0,0,0
org/apache/cassandra/db/TreeMapBackedSortedColumns.java,class,unversioned,1,0,7,0,0,0,0,0
org/apache/cassandra/db/ReadCommandSerializer.java,class,unversioned,1,0,17,0,0,0,0,0
org/apache/cassandra/io/sstable/SSTableSimpleWriter.java,class,unversioned,1,0,20,0,0,0,0,0
org/apache/cassandra/db/compaction/ParallelCompactionIterable.java,class,unversioned,1,0,251,0,0,0,0,0
org/apache/cassandra/db/TreeMapBackedSortedColumns.java,class,unversioned,1,0,86,0,0,0,0,0
org/apache/cassandra/io/sstable/ReducingKeyIterator.java,class,unversioned,1,0,12,0,0,0,0,0
org/apache/cassandra/db/compaction/PrecompactedRow.java,class,unversioned,1,0,86,0,0,0,0,0
org/apache/cassandra/db/TruncateResponse.java,class,unversioned,1,0,15,0,0,0,0,0
org/apache/cassandra/io/sstable/SSTableWriter.java,class,unversioned,1,0,254,0,0,0,0,0
org/apache/cassandra/io/sstable/SSTable.java,class,unversioned,1,0,6,0,0,0,0,0
org/apache/cassandra/db/marshal/AbstractType.java,class,unversioned,1,0,4,0,0,0,0,0
org/apache/cassandra/io/sstable/SSTableWriter.java,class,unversioned,1,0,49,0,0,0,0,0
org/apache/cassandra/io/sstable/ReducingKeyIterator.java,class,unversioned,1,0,51,0,0,0,0,0
org/apache/cassandra/service/AntiEntropyService.java,class,unversioned,1,0,7,0,0,0,0,0
org/apache/cassandra/db/ReadRepairVerbHandler.java,class,unversioned,1,0,14,0,0,0,0,0
org/apache/cassandra/db/marshal/AbstractType.java,class,unversioned,1,0,4,0,0,0,0,0
org/apache/cassandra/io/sstable/SSTable.java,class,unversioned,1,0,4,0,0,0,0,0
org/apache/cassandra/db/compaction/CompactionManager.java,class,unversioned,1,0,11,0,0,0,0,0
org/apache/cassandra/db/ReadResponse.java,class,unversioned,1,0,29,0,0,0,0,0
org/apache/cassandra/service/AntiEntropyService.java,class,unversioned,1,0,516,0,0,0,0,0
org/apache/cassandra/db/compaction/SizeTieredCompactionStrategy.java,class,unversioned,1,0,4,0,0,0,0,0
org/apache/cassandra/db/TruncateResponse.java,class,unversioned,1,0,35,0,0,0,0,0
org/apache/cassandra/db/marshal/AbstractType.java,class,unversioned,1,0,4,0,0,0,0,0
org/apache/cassandra/service/AntiEntropyService.java,class,unversioned,1,0,6,0,0,0,0,0
org/apache/cassandra/utils/BloomCalculations.java,class,unversioned,1,0,10,0,0,0,0,0
org/apache/cassandra/io/util/AbstractDataInput.java,class,unversioned,1,0,116,0,0,0,0,0
org/apache/cassandra/io/util/BufferedSegmentedFile.java,class,unversioned,1,0,7,0,0,0,0,0
org/apache/cassandra/db/ReadVerbHandler.java,class,unversioned,1,0,30,0,0,0,0,0
org/apache/cassandra/db/compaction/SizeTieredCompactionStrategy.java,class,unversioned,1,0,107,0,0,0,0,0
org/apache/cassandra/db/Truncation.java,class,unversioned,1,0,23,0,0,0,0,0
org/apache/cassandra/service/AsyncRepairCallback.java,class,unversioned,1,0,4,0,0,0,0,0
org/apache/cassandra/db/marshal/AbstractType.java,class,unversioned,1,0,10,0,0,0,0,0
org/apache/cassandra/db/DefinitionsUpdateVerbHandler.java,class,unversioned,1,0,17,0,0,0,0,0
org/apache/cassandra/utils/BloomFilter.java,class,unversioned,1,0,66,0,0,0,0,0
org/apache/cassandra/db/compaction/CompactionManager.java,class,unversioned,1,0,14,0,0,0,0,0
org/apache/cassandra/db/ReadResponseSerializer.java,class,unversioned,1,0,33,0,0,0,0,0
org/apache/cassandra/db/compaction/SizeTieredCompactionStrategy.java,class,unversioned,1,0,4,0,0,0,0,0
org/apache/cassandra/db/TruncateVerbHandler.java,class,unversioned,1,0,29,0,0,0,0,0
org/apache/cassandra/utils/BloomCalculations.java,class,unversioned,1,0,63,0,0,0,0,0
org/apache/cassandra/io/sstable/SSTable.java,class,unversioned,1,0,133,0,0,0,0,0
org/apache/cassandra/io/sstable/SSTableBoundedScanner.java,class,unversioned,1,0,45,0,0,0,0,0
org/apache/cassandra/db/RetriedSliceFromReadCommand.java,class,unversioned,1,0,25,0,0,0,0,0
org/apache/cassandra/utils/BloomFilterSerializer.java,class,unversioned,1,0,29,0,0,0,0,0
org/apache/cassandra/db/TruncationSerializer.java,class,unversioned,1,0,13,0,0,0,0,0
org/apache/cassandra/db/DefinitionsUpdateVerbHandler.java,class,unversioned,1,0,34,0,0,0,0,0
org/apache/cassandra/db/compaction/CompactionManager.java,class,unversioned,1,0,17,0,0,0,0,0
org/apache/cassandra/io/sstable/SSTableBoundedScanner.java,class,unversioned,1,0,15,0,0,0,0,0
org/apache/cassandra/service/AsyncRepairCallback.java,class,unversioned,1,0,21,0,0,0,0,0
org/apache/cassandra/db/DefsTable.java,class,unversioned,1,0,4,0,0,0,0,0
org/apache/cassandra/io/util/BufferedSegmentedFile.java,class,unversioned,1,0,23,0,0,0,0,0
org/apache/cassandra/db/compaction/CompactionManager.java,class,unversioned,1,0,18,0,0,0,0,0
org/apache/cassandra/db/columniterator/IndexedSliceReader.java,class,unversioned,1,0,40,0,0,0,0,0
org/apache/cassandra/service/DatacenterReadCallback.java,class,unversioned,1,0,10,0,0,0,0,0
org/apache/cassandra/db/context/CounterContext.java,class,unversioned,1,0,94,0,0,0,0,0
org/apache/cassandra/db/DefsTable.java,class,unversioned,1,0,49,0,0,0,0,0
org/apache/cassandra/db/compaction/CompactionManager.java,class,unversioned,1,0,10,0,0,0,0,0
org/apache/cassandra/db/Row.java,class,unversioned,1,0,14,0,0,0,0,0
org/apache/cassandra/io/compress/CompressedSequentialWriter.java,class,unversioned,1,0,11,0,0,0,0,0
org/apache/cassandra/service/ClientState.java,class,unversioned,1,0,94,0,0,0,0,0
org/apache/cassandra/io/util/ColumnIterator.java,class,unversioned,1,0,10,0,0,0,0,0
org/apache/cassandra/notifications/SSTableAddedNotification.java,class,unversioned,1,0,5,0,0,0,0,0
org/apache/cassandra/utils/BoundedStatsDeque.java,class,unversioned,1,0,22,0,0,0,0,0
org/apache/cassandra/db/columniterator/IndexedSliceReader.java,class,unversioned,1,0,22,0,0,0,0,0
org/apache/cassandra/io/sstable/SSTableDeletingTask.java,class,unversioned,1,0,3,0,0,0,0,0
org/apache/cassandra/utils/ByteBufferUtil.java,class,unversioned,1,0,229,0,0,0,0,0
org/apache/cassandra/db/compaction/CompactionManager.java,class,unversioned,1,0,4,0,0,0,0,0
org/apache/cassandra/db/RowIteratorFactory.java,class,unversioned,1,0,4,0,0,0,0,0
org/apache/cassandra/db/context/CounterContext.java,class,unversioned,1,0,473,0,0,0,0,0
org/apache/cassandra/db/commitlog/PeriodicCommitLogExecutorService.java,class,unversioned,1,0,7,0,0,0,0,0
org/apache/cassandra/tools/NodeCmd.java,class,unversioned,1,0,12,0,0,0,0,0
org/apache/cassandra/db/DeletedColumn.java,class,unversioned,1,0,45,0,0,0,0,0
org/apache/cassandra/db/compaction/CompactionManager.java,class,unversioned,1,0,20,0,0,0,0,0
org/apache/cassandra/db/Row.java,class,unversioned,1,0,31,0,0,0,0,0
org/apache/cassandra/io/compress/CompressedSequentialWriter.java,class,unversioned,1,0,100,0,0,0,0,0
org/apache/cassandra/tools/NodeCmd.java,class,unversioned,1,0,4,0,0,0,0,0
org/apache/cassandra/utils/ByteBufferUtil.java,class,unversioned,1,0,18,0,0,0,0,0
org/apache/cassandra/db/columniterator/IndexedSliceReader.java,class,unversioned,1,0,134,0,0,0,0,0
org/apache/cassandra/io/sstable/SSTableDeletingTask.java,class,unversioned,1,0,48,0,0,0,0,0
org/apache/cassandra/notifications/SSTableListChangedNotification.java,class,unversioned,1,0,7,0,0,0,0,0
org/apache/cassandra/service/DatacenterReadCallback.java,class,unversioned,1,0,54,0,0,0,0,0
org/apache/cassandra/io/compress/CompressionMetadata.java,class,unversioned,1,0,40,0,0,0,0,0
org/apache/cassandra/io/sstable/SSTableLoader.java,class,unversioned,1,0,26,0,0,0,0,0
org/apache/cassandra/db/ColumnFamilySerializer.java,class,unversioned,1,0,71,0,0,0,0,0
org/apache/cassandra/db/ExpiringColumn.java,class,unversioned,1,0,86,0,0,0,0,0
org/apache/cassandra/db/compaction/CompactionManager.java,class,unversioned,1,0,22,0,0,0,0,0
org/apache/cassandra/db/RowIteratorFactory.java,class,unversioned,1,0,4,0,0,0,0,0
org/apache/cassandra/locator/IEndpointSnitch.java,class,unversioned,1,0,7,0,0,0,0,0
org/apache/cassandra/io/compress/CompressionMetadata.java,class,unversioned,1,0,10,0,0,0,0,0
org/apache/cassandra/db/commitlog/PeriodicCommitLogExecutorService.java,class,unversioned,1,0,77,0,0,0,0,0
org/apache/cassandra/db/context/IContext.java,class,unversioned,1,0,4,0,0,0,0,0
org/apache/cassandra/db/ColumnFamilyNotDefinedException.java,class,unversioned,1,0,4,0,0,0,0,0
org/apache/cassandra/db/EchoedRow.java,class,unversioned,1,0,25,0,0,0,0,0
org/apache/cassandra/db/columniterator/SSTableNamesIterator.java,class,unversioned,1,0,105,0,0,0,0,0
org/apache/cassandra/io/sstable/SSTableIdentityIterator.java,class,unversioned,1,0,139,0,0,0,0,0
org/apache/cassandra/scheduler/NoScheduler.java,class,unversioned,1,0,9,0,0,0,0,0
org/apache/cassandra/service/DatacenterSyncWriteResponseHandler.java,class,unversioned,1,0,47,0,0,0,0,0
org/apache/cassandra/tools/NodeCmd.java,class,unversioned,1,0,33,0,0,0,0,0
org/apache/cassandra/utils/BytesReadTracker.java,class,unversioned,1,0,81,0,0,0,0,0
org/apache/cassandra/io/sstable/SSTableLoader.java,class,unversioned,1,0,30,0,0,0,0,0
org/apache/cassandra/service/DigestMismatchException.java,class,unversioned,1,0,5,0,0,0,0,0
org/apache/cassandra/gms/Gossiper.java,class,unversioned,1,0,4,0,0,0,0,0
org/apache/cassandra/io/compress/CompressionParameters.java,class,unversioned,1,0,136,0,0,0,0,0
org/apache/cassandra/db/commitlog/ReplayPosition.java,class,unversioned,1,0,6,0,0,0,0,0
org/apache/cassandra/db/ColumnFamilyStore.java,class,unversioned,1,0,11,0,0,0,0,0
org/apache/cassandra/db/HintedHandOffManager.java,class,unversioned,1,0,4,0,0,0,0,0
org/apache/cassandra/db/compaction/CompactionManager.java,class,unversioned,1,0,14,0,0,0,0,0
org/apache/cassandra/db/RowIteratorFactory.java,class,unversioned,1,0,27,0,0,0,0,0
org/apache/cassandra/db/columniterator/SSTableSliceIterator.java,class,unversioned,1,0,45,0,0,0,0,0
org/apache/cassandra/gms/Gossiper.java,class,unversioned,1,0,4,0,0,0,0,0
org/apache/cassandra/io/compress/CompressionMetadata.java,class,unversioned,1,0,114,0,0,0,0,0
org/apache/cassandra/db/commitlog/ReplayPosition.java,class,unversioned,1,0,4,0,0,0,0,0
org/apache/cassandra/service/DatacenterWriteResponseHandler.java,class,unversioned,1,0,36,0,0,0,0,0
org/apache/cassandra/locator/ILatencySubscriber.java,class,unversioned,1,0,2,0,0,0,0,0
org/apache/cassandra/tools/NodeCmd.java,class,unversioned,1,0,752,0,0,0,0,0
org/apache/cassandra/utils/CLibrary.java,class,unversioned,1,0,145,0,0,0,0,0
org/apache/cassandra/db/columniterator/SimpleAbstractColumnIterator.java,class,unversioned,1,0,3,0,0,0,0,0
org/apache/cassandra/scheduler/RoundRobinScheduler.java,class,unversioned,1,0,6,0,0,0,0,0
org/apache/cassandra/service/EmbeddedCassandraService.java,class,unversioned,1,0,7,0,0,0,0,0
org/apache/cassandra/tools/SSTableExport.java,class,unversioned,1,0,208,0,0,0,0,0
org/apache/cassandra/utils/DefaultInteger.java,class,unversioned,1,0,16,0,0,0,0,0
org/apache/cassandra/db/HintedHandOffManager.java,class,unversioned,1,0,4,0,0,0,0,0
org/apache/cassandra/db/compaction/CompactionManager.java,class,unversioned,1,0,682,0,0,0,0,0
org/apache/cassandra/io/compress/CorruptedBlockException.java,class,unversioned,1,0,7,0,0,0,0,0
org/apache/cassandra/locator/TokenMetadata.java,class,unversioned,1,0,390,0,0,0,0,0
org/apache/cassandra/gms/Gossiper.java,class,unversioned,1,0,27,0,0,0,0,0
org/apache/cassandra/db/commitlog/ReplayPosition.java,class,unversioned,1,0,11,0,0,0,0,0
org/apache/cassandra/db/ColumnFamilyStore.java,class,unversioned,1,0,9,0,0,0,0,0
org/apache/cassandra/db/HintedHandOffManager.java,class,unversioned,1,0,11,0,0,0,0,0
org/apache/cassandra/cql/AlterTableStatement.java,class,unversioned,1,0,3,0,0,0,0,0
org/apache/cassandra/db/compaction/CompactionManager.java,class,unversioned,1,0,14,0,0,0,0,0
org/apache/cassandra/locator/TokenMetadata.java,class,unversioned,1,0,17,0,0,0,0,0
org/apache/cassandra/tools/NodeProbe.java,class,unversioned,1,0,334,0,0,0,0,0
org/apache/cassandra/db/columniterator/SimpleSliceReader.java,class,unversioned,1,0,45,0,0,0,0,0
org/apache/cassandra/locator/SeedProvider.java,class,unversioned,1,0,2,0,0,0,0,0
org/apache/cassandra/io/sstable/SSTableLoader.java,class,unversioned,1,0,13,0,0,0,0,0
org/apache/cassandra/scheduler/RoundRobinScheduler.java,class,unversioned,1,0,77,0,0,0,0,0
org/apache/cassandra/cql/AlterTableStatement.java,class,unversioned,1,0,52,0,0,0,0,0
org/apache/cassandra/utils/DestructivePQIterator.java,class,unversioned,1,0,14,0,0,0,0,0
org/apache/cassandra/scheduler/WeightedQueue.java,class,unversioned,1,0,55,0,0,0,0,0
org/apache/cassandra/thrift/CassandraServer.java,class,unversioned,1,0,6,0,0,0,0,0
org/apache/cassandra/db/compaction/AbstractCompactedRow.java,class,unversioned,1,0,10,0,0,0,0,0
org/apache/cassandra/db/ColumnFamilyStore.java,class,unversioned,1,0,3,0,0,0,0,0
org/apache/cassandra/db/HintedHandOffManager.java,class,unversioned,1,0,252,0,0,0,0,0
org/apache/cassandra/db/compaction/CompactionTask.java,class,unversioned,1,0,146,0,0,0,0,0
org/apache/cassandra/gms/Gossiper.java,class,unversioned,1,0,655,0,0,0,0,0
org/apache/cassandra/io/compress/DeflateCompressor.java,class,unversioned,1,0,5,0,0,0,0,0
org/apache/cassandra/db/commitlog/ReplayPosition.java,class,unversioned,1,0,64,0,0,0,0,0
org/apache/cassandra/db/ColumnFamilyStore.java,class,unversioned,1,0,13,0,0,0,0,0
org/apache/cassandra/db/commitlog/AbstractCommitLogExecutorService.java,class,unversioned,1,0,17,0,0,0,0,0
org/apache/cassandra/scheduler/WeightedQueue.java,class,unversioned,1,0,6,0,0,0,0,0
org/apache/cassandra/thrift/CassandraServer.java,class,unversioned,1,0,5,0,0,0,0,0
org/apache/cassandra/service/GCInspector.java,class,unversioned,1,0,4,0,0,0,0,0
org/apache/cassandra/net/io/SerializerType.java,class,unversioned,1,0,4,0,0,0,0,0
org/apache/cassandra/net/IAsyncCallback.java,class,unversioned,1,0,2,0,0,0,0,0
org/apache/cassandra/tools/SSTableImport.java,class,unversioned,1,0,54,0,0,0,0,0
org/apache/cassandra/net/sink/SinkManager.java,class,unversioned,1,0,28,0,0,0,0,0
org/apache/cassandra/gms/HeartBeatStateSerializer.java,class,unversioned,1,0,11,0,0,0,0,0
org/apache/cassandra/io/compress/DeflateCompressor.java,class,unversioned,1,0,55,0,0,0,0,0
org/apache/cassandra/db/ColumnFamilyStore.java,class,unversioned,1,0,7,0,0,0,0,0
org/apache/cassandra/db/IndexScanCommand.java,class,unversioned,1,0,23,0,0,0,0,0
org/apache/cassandra/db/marshal/UTF8Type.java,class,unversioned,1,0,118,0,0,0,0,0
org/apache/cassandra/gms/HeartBeatState.java,class,unversioned,1,0,29,0,0,0,0,0
org/apache/cassandra/io/compress/DeflateCompressor.java,class,unversioned,1,0,5,0,0,0,0,0
org/apache/cassandra/db/commitlog/BatchCommitLogExecutorService.java,class,unversioned,1,0,7,0,0,0,0,0
org/apache/cassandra/tools/SSTableImport.java,class,unversioned,1,0,0,0,0,0,0,0
org/apache/cassandra/utils/EstimatedHistogram.java,class,unversioned,1,0,23,0,0,0,0,0
org/apache/cassandra/net/IAsyncResult.java,class,unversioned,1,0,4,0,0,0,0,0
org/apache/cassandra/db/marshal/AbstractCompositeType.java,class,unversioned,1,0,5,0,0,0,0,0
org/apache/cassandra/thrift/CassandraServer.java,class,unversioned,1,0,752,0,0,0,0,0
org/apache/cassandra/tools/SSTableImport.java,class,unversioned,1,0,0,0,0,0,0,0
org/apache/cassandra/service/AbstractCassandraDaemon.java,class,unversioned,1,0,9,0,0,0,0,0
org/apache/cassandra/net/IVerbHandler.java,class,unversioned,1,0,2,0,0,0,0,0
org/apache/cassandra/dht/Range.java,class,unversioned,1,0,169,0,0,0,0,0
org/apache/cassandra/db/compaction/AbstractCompactionIterable.java,class,unversioned,1,0,29,0,0,0,0,0
org/apache/cassandra/db/migration/AddColumnFamily.java,class,unversioned,1,0,54,0,0,0,0,0
org/apache/cassandra/gms/PureRandom.java,class,unversioned,1,0,34,0,0,0,0,0
org/apache/cassandra/db/ColumnFamilyStore.java,class,unversioned,1,0,1039,0,0,0,0,0
org/apache/cassandra/cql/CQLStatement.java,class,unversioned,1,0,7,0,0,0,0,0
org/apache/cassandra/dht/RandomPartitioner.java,class,unversioned,1,0,105,0,0,0,0,0
org/apache/cassandra/db/compaction/AbstractCompactionIterable.java,class,unversioned,1,0,7,0,0,0,0,0
org/apache/cassandra/db/IndexScanCommand.java,class,unversioned,1,0,52,0,0,0,0,0
org/apache/cassandra/db/marshal/UUIDType.java,class,unversioned,1,0,116,0,0,0,0,0
org/apache/cassandra/db/commitlog/BatchCommitLogExecutorService.java,class,unversioned,1,0,7,0,0,0,0,0
org/apache/cassandra/net/IMessageCallback.java,class,unversioned,1,0,2,0,0,0,0,0
org/apache/cassandra/tools/SSTableImport.java,class,unversioned,1,0,0,0,0,0,0,0
org/apache/cassandra/db/ColumnFamilyStoreMBean.java,class,unversioned,1,0,53,0,0,0,0,0
org/apache/cassandra/thrift/CustomTHsHaServer.java,class,unversioned,1,0,13,0,0,0,0,0
org/apache/cassandra/config/Schema.java,class,unversioned,1,0,137,0,0,0,0,0
org/apache/cassandra/net/MessageProducer.java,class,unversioned,1,0,2,0,0,0,0,0
org/apache/cassandra/tools/SSTableImport.java,class,unversioned,1,0,268,0,0,0,0,0
org/apache/cassandra/db/IColumn.java,class,unversioned,1,0,27,0,0,0,0,0
org/apache/cassandra/thrift/CustomTHsHaServer.java,class,unversioned,1,0,176,0,0,0,0,0
org/apache/cassandra/io/IColumnSerializer.java,class,unversioned,1,0,3,0,0,0,0,0
org/apache/cassandra/db/ColumnIndexer.java,class,unversioned,1,0,19,0,0,0,0,0
org/apache/cassandra/dht/StringToken.java,class,unversioned,1,0,8,0,0,0,0,0
org/apache/cassandra/db/compaction/AbstractCompactionStrategy.java,class,unversioned,1,0,6,0,0,0,0,0
org/apache/cassandra/cql/CreateColumnFamilyStatement.java,class,unversioned,1,0,208,0,0,0,0,0
org/apache/cassandra/db/commitlog/BatchCommitLogExecutorService.java,class,unversioned,1,0,13,0,0,0,0,0
org/apache/cassandra/db/ColumnFamilyType.java,class,unversioned,1,0,10,0,0,0,0,0
org/apache/cassandra/net/AsyncResult.java,class,unversioned,1,0,52,0,0,0,0,0
org/apache/cassandra/db/HintedHandOffManagerMBean.java,class,unversioned,1,0,5,0,0,0,0,0
org/apache/cassandra/thrift/CustomTHsHaServer.java,class,unversioned,1,0,102,0,0,0,0,0
org/apache/cassandra/io/util/SequentialWriter.java,class,unversioned,1,0,165,0,0,0,0,0
org/apache/cassandra/thrift/CustomTNonBlockingServer.java,class,unversioned,1,0,11,0,0,0,0,0
org/apache/cassandra/streaming/ReplicationFinishedVerbHandler.java,class,unversioned,1,0,9,0,0,0,0,0
org/apache/cassandra/utils/IntervalTree/Interval.java,class,unversioned,1,0,4,0,0,0,0,0
org/apache/cassandra/db/migration/DropColumnFamily.java,class,unversioned,1,0,59,0,0,0,0,0
org/apache/cassandra/gms/VersionedValue.java,class,unversioned,1,0,13,0,0,0,0,0
org/apache/cassandra/db/ColumnIndexer.java,class,unversioned,1,0,84,0,0,0,0,0
org/apache/cassandra/db/compaction/AbstractCompactionStrategy.java,class,unversioned,1,0,27,0,0,0,0,0
org/apache/cassandra/dht/Token.java,class,unversioned,1,0,6,0,0,0,0,0
org/apache/cassandra/db/migration/AddKeyspace.java,class,unversioned,1,0,43,0,0,0,0,0
org/apache/cassandra/cql/CreateKeyspaceStatement.java,class,unversioned,1,0,33,0,0,0,0,0
org/apache/cassandra/gms/VersionedValue.java,class,unversioned,1,0,53,0,0,0,0,0
org/apache/cassandra/service/AbstractCassandraDaemon.java,class,unversioned,1,0,12,0,0,0,0,0
org/apache/cassandra/net/MessagingServiceMBean.java,class,unversioned,1,0,11,0,0,0,0,0
org/apache/cassandra/streaming/PendingFile.java,class,unversioned,1,0,87,0,0,0,0,0
org/apache/cassandra/tools/ThreadPoolProxyMBeanIterator.java,class,unversioned,1,0,21,0,0,0,0,0
org/apache/cassandra/net/CachingMessageProducer.java,class,unversioned,1,0,14,0,0,0,0,0
org/apache/cassandra/db/IColumnContainer.java,class,unversioned,1,0,10,0,0,0,0,0
org/apache/cassandra/db/ColumnSerializer.java,class,unversioned,1,0,4,0,0,0,0,0
org/apache/cassandra/notifications/INotificationConsumer.java,class,unversioned,1,0,2,0,0,0,0,0
org/apache/cassandra/streaming/StreamHeader.java,class,unversioned,1,0,24,0,0,0,0,0
org/apache/cassandra/net/CompactEndpointSerializationHelper.java,class,unversioned,1,0,17,0,0,0,0,0
org/apache/cassandra/db/ISortedColumns.java,class,unversioned,1,0,3,0,0,0,0,0
org/apache/cassandra/locator/AbstractEndpointSnitch.java,class,unversioned,1,0,4,0,0,0,0,0
org/apache/cassandra/db/ColumnSerializer.java,class,unversioned,1,0,68,0,0,0,0,0
org/apache/cassandra/dht/Token.java,class,unversioned,1,0,47,0,0,0,0,0
org/apache/cassandra/db/migration/DropKeyspace.java,class,unversioned,1,0,49,0,0,0,0,0
org/apache/cassandra/gms/VersionedValue.java,class,unversioned,1,0,98,0,0,0,0,0
org/apache/cassandra/cql/DeleteStatement.java,class,unversioned,1,0,45,0,0,0,0,0
org/apache/cassandra/dht/Token.java,class,unversioned,1,0,16,0,0,0,0,0
org/apache/cassandra/net/CallbackInfo.java,class,unversioned,1,0,17,0,0,0,0,0
org/apache/cassandra/notifications/INotification.java,class,unversioned,1,0,0,0,0,0,0,0
org/apache/cassandra/io/SerDeUtils.java,class,unversioned,1,0,39,0,0,0,0,0
org/apache/cassandra/cql/jdbc/AbstractJdbcType.java,class,unversioned,1,0,12,0,0,0,0,0
org/apache/cassandra/db/IMutation.java,class,unversioned,1,0,6,0,0,0,0,0
org/apache/cassandra/thrift/CustomTThreadPoolServer.java,class,unversioned,1,0,37,0,0,0,0,0
org/apache/cassandra/utils/SlabAllocator.java,class,unversioned,1,0,70,0,0,0,0,0
org/apache/cassandra/hadoop/pig/CassandraStorage.java,class,unversioned,1,0,406,0,0,0,0,0
org/apache/cassandra/net/Header.java,class,unversioned,1,0,54,0,0,0,0,0
org/apache/cassandra/db/ISortedColumns.java,class,unversioned,1,0,20,0,0,0,0,0
org/apache/cassandra/thrift/TBinaryProtocol.java,class,unversioned,1,0,17,0,0,0,0,0
org/apache/cassandra/gms/ApplicationState.java,class,unversioned,1,0,14,0,0,0,0,0
org/apache/cassandra/db/migration/Migration.java,class,unversioned,1,0,151,0,0,0,0,0
org/apache/cassandra/cql/DropIndexStatement.java,class,unversioned,1,0,27,0,0,0,0,0
org/apache/cassandra/utils/StatusLogger.java,class,unversioned,1,0,33,0,0,0,0,0
org/apache/cassandra/thrift/CustomTThreadPoolServer.java,class,unversioned,1,0,86,0,0,0,0,0
org/apache/cassandra/streaming/StreamHeader.java,class,unversioned,1,0,46,0,0,0,0,0
org/apache/cassandra/dht/IPartitioner.java,class,unversioned,1,0,10,0,0,0,0,0
org/apache/cassandra/thrift/TBinaryProtocol.java,class,unversioned,1,0,41,0,0,0,0,0
org/apache/cassandra/io/util/ColumnSet.java,class,unversioned,1,0,51,0,0,0,0,0
org/apache/cassandra/streaming/StreamInSession.java,class,unversioned,1,0,114,0,0,0,0,0
org/apache/cassandra/locator/AbstractNetworkTopologySnitch.java,class,unversioned,1,0,24,0,0,0,0,0
org/apache/cassandra/gms/ArrivalWindow.java,class,unversioned,1,0,48,0,0,0,0,0
org/apache/cassandra/db/migration/UpdateKeyspace.java,class,unversioned,1,0,43,0,0,0,0,0
org/apache/cassandra/cql/Operation.java,class,unversioned,1,0,2,0,0,0,0,0
org/apache/cassandra/net/HeaderSerializer.java,class,unversioned,1,0,29,0,0,0,0,0
org/apache/cassandra/cql/jdbc/AbstractJdbcUUID.java,class,unversioned,1,0,28,0,0,0,0,0
org/apache/cassandra/cql/Operation.java,class,unversioned,1,0,23,0,0,0,0,0
org/apache/cassandra/db/migration/UpdateColumnFamily.java,class,unversioned,1,0,49,0,0,0,0,0
org/apache/cassandra/io/util/ColumnIterator.java,class,unversioned,1,0,45,0,0,0,0,0
org/apache/cassandra/streaming/StreamIn.java,class,unversioned,1,0,23,0,0,0,0,0
org/apache/cassandra/concurrent/CreationTimeAwareFuture.java,class,unversioned,1,0,24,0,0,0,0,0
org/apache/cassandra/locator/AbstractEndpointSnitch.java,class,unversioned,1,0,16,0,0,0,0,0
org/apache/cassandra/io/util/ColumnSortedMap.java,class,unversioned,1,0,68,0,0,0,0,0
org/apache/cassandra/streaming/StreamOut.java,class,unversioned,1,0,50,0,0,0,0,0
org/apache/cassandra/locator/AbstractReplicationStrategy.java,class,unversioned,1,0,110,0,0,0,0,0
org/apache/cassandra/gms/GossiperMBean.java,class,unversioned,1,0,5,0,0,0,0,0
org/apache/cassandra/service/StorageProxy.java,class,unversioned,1,0,10,0,0,0,0,0
org/apache/cassandra/thrift/TCustomServerSocket.java,class,unversioned,1,0,78,0,0,0,0,0
org/apache/cassandra/gms/EndpointState.java,class,unversioned,1,0,55,0,0,0,0,0
org/apache/cassandra/db/AbstractColumnContainer.java,class,unversioned,1,0,10,0,0,0,0,0
org/apache/cassandra/cql/jdbc/JdbcAscii.java,class,unversioned,1,0,41,0,0,0,0,0
org/apache/cassandra/thrift/TCustomNonblockingServerSocket.java,class,unversioned,1,0,39,0,0,0,0,0
org/apache/cassandra/concurrent/DebuggableScheduledThreadPoolExecutor.java,class,unversioned,1,0,13,0,0,0,0,0
org/apache/cassandra/cql/jdbc/JdbcBoolean.java,class,unversioned,1,0,45,0,0,0,0,0
org/apache/cassandra/gms/FailureDetectorMBean.java,class,unversioned,1,0,7,0,0,0,0,0
org/apache/cassandra/utils/WrappedRunnable.java,class,unversioned,1,0,9,0,0,0,0,0
org/apache/cassandra/service/StorageProxy.java,class,unversioned,1,0,17,0,0,0,0,0
org/apache/cassandra/streaming/StreamOutSession.java,class,unversioned,1,0,133,0,0,0,0,0
org/apache/cassandra/locator/AdaptiveLatencyTracker.java,class,unversioned,1,0,26,0,0,0,0,0
org/apache/cassandra/gms/IEndpointStateChangeSubscriber.java,class,unversioned,1,0,7,0,0,0,0,0
org/apache/cassandra/auth/IAuthenticator.java,class,unversioned,1,0,6,0,0,0,0,0
org/apache/cassandra/service/StorageProxy.java,class,unversioned,1,0,4,0,0,0,0,0
org/apache/cassandra/utils/MerkleTree.java,class,unversioned,1,0,74,0,0,0,0,0
org/apache/cassandra/io/util/CompressedSegmentedFile.java,class,unversioned,1,0,24,0,0,0,0,0
org/apache/cassandra/db/AbstractColumnContainer.java,class,unversioned,1,0,135,0,0,0,0,0
org/apache/cassandra/gms/EndpointStateSerializer.java,class,unversioned,1,0,27,0,0,0,0,0
org/apache/cassandra/concurrent/DebuggableThreadPoolExecutor.java,class,unversioned,1,0,19,0,0,0,0,0
org/apache/cassandra/cql/jdbc/JdbcBytes.java,class,unversioned,1,0,37,0,0,0,0,0
org/apache/cassandra/io/util/CompressedSegmentedFile.java,class,unversioned,1,0,6,0,0,0,0,0
org/apache/cassandra/utils/MerkleTree.java,class,unversioned,1,0,22,0,0,0,0,0
org/apache/cassandra/service/StorageProxy.java,class,unversioned,1,0,18,0,0,0,0,0
org/apache/cassandra/gms/EndpointStatesSerializationHelper.java,class,unversioned,1,0,20,0,0,0,0,0
org/apache/cassandra/auth/IAuthority.java,class,unversioned,1,0,3,0,0,0,0,0
org/apache/cassandra/io/util/DataOutputBuffer.java,class,unversioned,1,0,21,0,0,0,0,0
org/apache/cassandra/utils/MerkleTree.java,class,unversioned,1,0,16,0,0,0,0,0
org/apache/cassandra/streaming/StreamReply.java,class,unversioned,1,0,15,0,0,0,0,0
org/apache/cassandra/locator/DynamicEndpointSnitch.java,class,unversioned,1,0,4,0,0,0,0,0
org/apache/cassandra/gms/FailureDetector.java,class,unversioned,1,0,128,0,0,0,0,0
org/apache/cassandra/locator/DynamicEndpointSnitch.java,class,unversioned,1,0,4,0,0,0,0,0
org/apache/cassandra/cache/ConcurrentLinkedHashCacheProvider.java,class,unversioned,1,0,4,0,0,0,0,0
org/apache/cassandra/concurrent/DebuggableThreadPoolExecutor.java,class,unversioned,1,0,69,0,0,0,0,0
org/apache/cassandra/cql/jdbc/JdbcCounterColumn.java,class,unversioned,1,0,4,0,0,0,0,0
org/apache/cassandra/streaming/StreamReply.java,class,unversioned,1,0,3,0,0,0,0,0
org/apache/cassandra/cache/FreeableMemory.java,class,unversioned,1,0,31,0,0,0,0,0
org/apache/cassandra/utils/MerkleTree.java,class,unversioned,1,0,37,0,0,0,0,0
org/apache/cassandra/io/util/FastByteArrayInputStream.java,class,unversioned,1,0,67,0,0,0,0,0
org/apache/cassandra/streaming/StreamReply.java,class,unversioned,1,0,40,0,0,0,0,0
org/apache/cassandra/locator/DynamicEndpointSnitch.java,class,unversioned,1,0,165,0,0,0,0,0
org/apache/cassandra/cache/IRowCacheProvider.java,class,unversioned,1,0,2,0,0,0,0,0
org/apache/cassandra/service/StorageService.java,class,unversioned,1,0,30,0,0,0,0,0
org/apache/cassandra/cache/ICache.java,class,unversioned,1,0,11,0,0,0,0,0
org/apache/cassandra/concurrent/JMXConfigurableThreadPoolExecutor.java,class,unversioned,1,0,4,0,0,0,0,0
org/apache/cassandra/cql/jdbc/JdbcDate.java,class,unversioned,1,0,46,0,0,0,0,0
org/apache/cassandra/cache/InstrumentingCache.java,class,unversioned,1,0,84,0,0,0,0,0
org/apache/cassandra/concurrent/JMXEnabledThreadPoolExecutor.java,class,unversioned,1,0,76,0,0,0,0,0
org/apache/cassandra/service/StorageProxy.java,class,unversioned,1,0,673,0,0,0,0,0
org/apache/cassandra/auth/AllowAllAuthority.java,class,unversioned,1,0,6,0,0,0,0,0
org/apache/cassandra/service/StorageService.java,class,unversioned,1,0,29,0,0,0,0,0
org/apache/cassandra/cache/InstrumentingCacheMBean.java,class,unversioned,1,0,7,0,0,0,0,0
org/apache/cassandra/io/util/FileUtils.java,class,unversioned,1,0,4,0,0,0,0,0
org/apache/cassandra/utils/MerkleTree.java,class,unversioned,1,0,25,0,0,0,0,0
org/apache/cassandra/io/util/FastByteArrayOutputStream.java,class,unversioned,1,0,73,0,0,0,0,0
org/apache/cassandra/streaming/StreamReplyVerbHandler.java,class,unversioned,1,0,33,0,0,0,0,0
org/apache/cassandra/cache/SerializingCache.java,class,unversioned,1,0,4,0,0,0,0,0
org/apache/cassandra/concurrent/NamedThreadFactory.java,class,unversioned,1,0,18,0,0,0,0,0
org/apache/cassandra/utils/MerkleTree.java,class,unversioned,1,0,11,0,0,0,0,0
org/apache/cassandra/auth/AuthenticatedUser.java,class,unversioned,1,0,15,0,0,0,0,0
org/apache/cassandra/concurrent/IExecutorMBean.java,class,unversioned,1,0,4,0,0,0,0,0
org/apache/cassandra/service/StorageService.java,class,unversioned,1,0,8,0,0,0,0,0
org/apache/cassandra/utils/MerkleTree.java,class,unversioned,1,0,57,0,0,0,0,0
org/apache/cassandra/io/util/FileUtils.java,class,unversioned,1,0,4,0,0,0,0,0
org/apache/cassandra/utils/ExpiringMap.java,class,unversioned,1,0,16,0,0,0,0,0
org/apache/cassandra/cache/SerializingCache.java,class,unversioned,1,0,88,0,0,0,0,0
org/apache/cassandra/concurrent/Stage.java,class,unversioned,1,0,38,0,0,0,0,0
org/apache/cassandra/utils/EstimatedHistogram.java,class,unversioned,1,0,115,0,0,0,0,0
org/apache/cassandra/auth/Permission.java,class,unversioned,1,0,5,0,0,0,0,0
org/apache/cassandra/io/util/FileUtils.java,class,unversioned,1,0,158,0,0,0,0,0
org/apache/cassandra/utils/MerkleTree.java,class,unversioned,1,0,4,0,0,0,0,0
org/apache/cassandra/utils/ExpiringMap.java,class,unversioned,1,0,14,0,0,0,0,0
org/apache/cassandra/auth/Resources.java,class,unversioned,1,0,14,0,0,0,0,0
org/apache/cassandra/service/StorageService.java,class,unversioned,1,0,8,0,0,0,0,0
org/apache/cassandra/cache/SerializingCacheProvider.java,class,unversioned,1,0,11,0,0,0,0,0
org/apache/cassandra/concurrent/StageManager.java,class,unversioned,1,0,30,0,0,0,0,0
org/apache/cassandra/service/StorageService.java,class,unversioned,1,0,29,0,0,0,0,0
org/apache/cassandra/cli/CliClient.java,class,unversioned,1,0,26,0,0,0,0,0
org/apache/cassandra/db/marshal/AbstractType.java,class,unversioned,1,0,79,0,0,0,0,0
org/apache/cassandra/cache/AutoSavingCache.java,class,unversioned,1,0,4,0,0,0,0,0
org/apache/cassandra/service/StorageService.java,class,unversioned,1,0,7,0,0,0,0,0
org/apache/cassandra/utils/MerkleTree.java,class,unversioned,1,0,4,0,0,0,0,0
org/apache/cassandra/utils/FBUtilities.java,class,unversioned,1,0,11,0,0,0,0,0
org/apache/cassandra/config/CFMetaData.java,class,unversioned,1,0,678,0,0,0,0,0
org/apache/cassandra/utils/MerkleTree.java,class,unversioned,1,0,4,0,0,0,0,0
org/apache/cassandra/io/util/MappedFileDataInput.java,class,unversioned,1,0,5,0,0,0,0,0
org/apache/cassandra/utils/ExpiringMap.java,class,unversioned,1,0,104,0,0,0,0,0
org/apache/cassandra/db/UnserializableColumnFamilyException.java,class,unversioned,1,0,6,0,0,0,0,0
org/apache/cassandra/db/marshal/AsciiType.java,class,unversioned,1,0,30,0,0,0,0,0
org/apache/cassandra/utils/MerkleTree.java,class,unversioned,1,0,16,0,0,0,0,0
org/apache/cassandra/utils/FBUtilities.java,class,unversioned,1,0,5,0,0,0,0,0
org/apache/cassandra/cli/CliClient.java,class,unversioned,1,0,3,0,0,0,0,0
org/apache/cassandra/service/StorageService.java,class,unversioned,1,0,8,0,0,0,0,0
org/apache/cassandra/db/marshal/BooleanType.java,class,unversioned,1,0,35,0,0,0,0,0
org/apache/cassandra/cache/AutoSavingCache.java,class,unversioned,1,0,53,0,0,0,0,0
org/apache/cassandra/db/WriteResponse.java,class,unversioned,1,0,18,0,0,0,0,0
org/apache/cassandra/utils/FBUtilities.java,class,unversioned,1,0,7,0,0,0,0,0
org/apache/cassandra/cache/AutoSavingCache.java,class,unversioned,1,0,146,0,0,0,0,0
org/apache/cassandra/cli/CliClient.java,class,unversioned,1,0,24,0,0,0,0,0
org/apache/cassandra/utils/MerkleTree.java,class,unversioned,1,0,505,0,0,0,0,0
org/apache/cassandra/db/WriteResponse.java,class,unversioned,1,0,45,0,0,0,0,0
org/apache/cassandra/cli/CliClient.java,class,unversioned,1,0,4,0,0,0,0,0
org/apache/cassandra/db/marshal/BytesType.java,class,unversioned,1,0,34,0,0,0,0,0
org/apache/cassandra/db/marshal/CompositeType.java,class,unversioned,1,0,18,0,0,0,0,0
org/apache/cassandra/cache/AutoSavingKeyCache.java,class,unversioned,1,0,12,0,0,0,0,0
org/apache/cassandra/cli/CliClient.java,class,unversioned,1,0,4,0,0,0,0,0
org/apache/cassandra/utils/FBUtilities.java,class,unversioned,1,0,12,0,0,0,0,0
org/apache/cassandra/dht/AbstractBounds.java,class,unversioned,1,0,2,0,0,0,0,0
org/apache/cassandra/cache/AutoSavingRowCache.java,class,unversioned,1,0,12,0,0,0,0,0
org/apache/cassandra/db/filter/AbstractColumnIterator.java,class,unversioned,1,0,6,0,0,0,0,0
org/apache/cassandra/db/marshal/CompositeType.java,class,unversioned,1,0,59,0,0,0,0,0
org/apache/cassandra/utils/Filter.java,class,unversioned,1,0,7,0,0,0,0,0
org/apache/cassandra/utils/FBUtilities.java,class,unversioned,1,0,362,0,0,0,0,0
org/apache/cassandra/cli/CliClient.java,class,unversioned,1,0,4,0,0,0,0,0
org/apache/cassandra/dht/AbstractBounds.java,class,unversioned,1,0,4,0,0,0,0,0
org/apache/cassandra/db/marshal/CounterColumnType.java,class,unversioned,1,0,22,0,0,0,0,0
org/apache/cassandra/cache/ConcurrentLinkedHashCache.java,class,unversioned,1,0,43,0,0,0,0,0
org/apache/cassandra/db/RowIteratorFactory.java,class,unversioned,1,0,22,0,0,0,0,0
org/apache/cassandra/dht/AbstractBounds.java,class,unversioned,1,0,14,0,0,0,0,0
org/apache/cassandra/io/sstable/SSTableLoader.java,class,unversioned,1,0,17,0,0,0,0,0
org/apache/cassandra/db/filter/NamesQueryFilter.java,class,unversioned,1,0,42,0,0,0,0,0
org/apache/cassandra/db/marshal/DateType.java,class,unversioned,1,0,57,0,0,0,0,0
org/apache/cassandra/db/filter/QueryFilter.java,class,unversioned,1,0,25,0,0,0,0,0
org/apache/cassandra/db/RowIteratorFactory.java,class,unversioned,1,0,76,0,0,0,0,0
org/apache/cassandra/utils/HeapAllocator.java,class,unversioned,1,0,7,0,0,0,0,0
org/apache/cassandra/io/sstable/SSTableLoader.java,class,unversioned,1,0,142,0,0,0,0,0
org/apache/cassandra/db/RowMutation.java,class,unversioned,1,0,37,0,0,0,0,0
org/apache/cassandra/dht/AbstractBounds.java,class,unversioned,1,0,87,0,0,0,0,0
org/apache/cassandra/db/marshal/DecimalType.java,class,unversioned,1,0,46,0,0,0,0,0
org/apache/cassandra/dht/AbstractByteOrderedPartitioner.java,class,unversioned,1,0,20,0,0,0,0,0
org/apache/cassandra/db/filter/QueryFilter.java,class,unversioned,1,0,98,0,0,0,0,0
org/apache/cassandra/db/marshal/DoubleType.java,class,unversioned,1,0,41,0,0,0,0,0
org/apache/cassandra/service/IndexScanVerbHandler.java,class,unversioned,1,0,16,0,0,0,0,0
org/apache/cassandra/dht/AbstractByteOrderedPartitioner.java,class,unversioned,1,0,111,0,0,0,0,0
org/apache/cassandra/db/filter/QueryPath.java,class,unversioned,1,0,48,0,0,0,0,0
org/apache/cassandra/db/marshal/DynamicCompositeType.java,class,unversioned,1,0,44,0,0,0,0,0
org/apache/cassandra/db/compaction/LazilyCompactedRow.java,class,unversioned,1,0,21,0,0,0,0,0
org/apache/cassandra/db/RowMutation.java,class,unversioned,1,0,224,0,0,0,0,0
org/apache/cassandra/db/compaction/LazilyCompactedRow.java,class,unversioned,1,0,127,0,0,0,0,0
org/apache/cassandra/db/RowMutationVerbHandler.java,class,unversioned,1,0,36,0,0,0,0,0
org/apache/cassandra/io/sstable/SSTableMetadata.java,class,unversioned,1,0,33,0,0,0,0,0
org/apache/cassandra/db/index/keys/KeysIndex.java,class,unversioned,1,0,69,0,0,0,0,0
org/apache/cassandra/db/SchemaCheckVerbHandler.java,class,unversioned,1,0,7,0,0,0,0,0
org/apache/cassandra/io/sstable/SSTableMetadata.java,class,unversioned,1,0,101,0,0,0,0,0
org/apache/cassandra/dht/BigIntegerToken.java,class,unversioned,1,0,11,0,0,0,0,0
org/apache/cassandra/db/filter/SliceQueryFilter.java,class,unversioned,1,0,69,0,0,0,0,0
org/apache/cassandra/db/marshal/DynamicCompositeType.java,class,unversioned,1,0,17,0,0,0,0,0
org/apache/cassandra/io/sstable/SSTableMetadata.java,class,unversioned,1,0,34,0,0,0,0,0
org/apache/cassandra/service/LoadBroadcaster.java,class,unversioned,1,0,6,0,0,0,0,0
org/apache/cassandra/db/KeyspaceNotDefinedException.java,class,unversioned,1,0,4,0,0,0,0,0
org/apache/cassandra/db/compaction/LeveledCompactionStrategy.java,class,unversioned,1,0,78,0,0,0,0,0
org/apache/cassandra/db/Memtable.java,class,unversioned,1,0,6,0,0,0,0,0
org/apache/cassandra/service/MigrationManager.java,class,unversioned,1,0,10,0,0,0,0,0
org/apache/cassandra/db/compaction/LeveledCompactionTask.java,class,unversioned,1,0,35,0,0,0,0,0
org/apache/cassandra/db/SliceByNamesReadCommand.java,class,unversioned,1,0,23,0,0,0,0,0
org/apache/cassandra/io/compress/SnappyCompressor.java,class,unversioned,1,0,15,0,0,0,0,0
org/apache/cassandra/dht/BootStrapper.java,class,unversioned,1,0,6,0,0,0,0,0
org/apache/cassandra/service/LoadBroadcaster.java,class,unversioned,1,0,41,0,0,0,0,0
org/apache/cassandra/io/sstable/AbstractSSTableSimpleWriter.java,class,unversioned,1,0,10,0,0,0,0,0
org/apache/cassandra/io/sstable/SSTableReader.java,class,unversioned,1,0,11,0,0,0,0,0
org/apache/cassandra/db/compaction/OperationType.java,class,unversioned,1,0,16,0,0,0,0,0
org/apache/cassandra/db/index/PerColumnSecondaryIndex.java,class,unversioned,1,0,7,0,0,0,0,0
org/apache/cassandra/db/SliceFromReadCommand.java,class,unversioned,1,0,68,0,0,0,0,0
org/apache/cassandra/service/AbstractCassandraDaemon.java,class,unversioned,1,0,170,0,0,0,0,0
org/apache/cassandra/db/Memtable.java,class,unversioned,1,0,6,0,0,0,0,0
org/apache/cassandra/db/compaction/LeveledManifest.java,class,unversioned,1,0,248,0,0,0,0,0
org/apache/cassandra/db/index/keys/KeysSearcher.java,class,unversioned,1,0,128,0,0,0,0,0
org/apache/cassandra/db/SliceByNamesReadCommandSerializer.java,class,unversioned,1,0,41,0,0,0,0,0
org/apache/cassandra/io/sstable/SSTableReader.java,class,unversioned,1,0,4,0,0,0,0,0
org/apache/cassandra/service/MigrationManager.java,class,unversioned,1,0,124,0,0,0,0,0
org/apache/cassandra/io/sstable/SSTableReader.java,class,unversioned,1,0,25,0,0,0,0,0
org/apache/cassandra/db/compaction/ParallelCompactionIterable.java,class,unversioned,1,0,30,0,0,0,0,0
org/apache/cassandra/db/SliceFromReadCommandSerializer.java,class,unversioned,1,0,30,0,0,0,0,0
org/apache/cassandra/io/sstable/AbstractSSTableSimpleWriter.java,class,unversioned,1,0,62,0,0,0,0,0
org/apache/cassandra/db/compaction/AbstractCompactionTask.java,class,unversioned,1,0,31,0,0,0,0,0
org/apache/cassandra/db/Memtable.java,class,unversioned,1,0,23,0,0,0,0,0
org/apache/cassandra/io/sstable/SSTableReader.java,class,unversioned,1,0,21,0,0,0,0,0
org/apache/cassandra/service/RangeSliceResponseResolver.java,class,unversioned,1,0,4,0,0,0,0,0
org/apache/cassandra/service/AbstractRowResolver.java,class,unversioned,1,0,32,0,0,0,0,0
org/apache/cassandra/db/compaction/CompactionController.java,class,unversioned,1,0,59,0,0,0,0,0
org/apache/cassandra/db/Memtable.java,class,unversioned,1,0,13,0,0,0,0,0
