file,archsmell
hadoop-mapreduce-project/hadoop-mapreduce-client/hadoop-mapreduce-client-app/src/main/java/org/apache/hadoop/mapreduce/v2/app/MRAppMaster.java,CMD
hadoop-mapreduce-project/hadoop-mapreduce-client/hadoop-mapreduce-client-app/src/test/java/org/apache/hadoop/mapreduce/v2/app/MRAppBenchmark.java,CMD
hadoop-yarn-project/hadoop-yarn/hadoop-yarn-server/hadoop-yarn-server-resourcemanager/src/test/java/org/apache/hadoop/yarn/server/resourcemanager/NodeManager.java,CMD
hadoop-yarn-project/hadoop-yarn/hadoop-yarn-client/src/main/java/org/apache/hadoop/yarn/client/YarnClient.java,CMD
hadoop-common-project/hadoop-common/src/test/java/org/apache/hadoop/ha/DummyHAService.java,CMD
hadoop-yarn-project/hadoop-yarn/hadoop-yarn-server/hadoop-yarn-server-nodemanager/src/test/java/org/apache/hadoop/yarn/server/nodemanager/TestNodeManager.java,CMD
hadoop-yarn-project/hadoop-yarn/hadoop-yarn-common/src/test/java/org/apache/hadoop/yarn/util/TestCompositeService.java,CMD
hadoop-yarn-project/hadoop-yarn/hadoop-yarn-server/hadoop-yarn-server-nodemanager/src/test/java/org/apache/hadoop/yarn/server/nodemanager/TestNodeManagerResync.java,CMD
hadoop-mapreduce-project/hadoop-mapreduce-client/hadoop-mapreduce-client-app/src/main/java/org/apache/hadoop/mapreduce/v2/app/rm/RMContainerAllocator.java,CMD
hadoop-hdfs-project/hadoop-hdfs/src/main/java/org/apache/hadoop/hdfs/DistributedFileSystem.java,CMD
hadoop-yarn-project/hadoop-yarn/hadoop-yarn-server/hadoop-yarn-server-resourcemanager/src/test/java/org/apache/hadoop/yarn/server/resourcemanager/security/TestClientTokens.java,CMD
hadoop-common-project/hadoop-common/src/test/java/org/apache/hadoop/ha/TestShellCommandFencer.java,CMD
hadoop-yarn-project/hadoop-yarn/hadoop-yarn-common/src/test/java/org/apache/hadoop/yarn/TestRPC.java,CMD
hadoop-mapreduce-project/hadoop-mapreduce-client/hadoop-mapreduce-client-app/src/test/java/org/apache/hadoop/mapreduce/v2/app/MRApp.java,CMD
hadoop-yarn-project/hadoop-yarn/hadoop-yarn-server/hadoop-yarn-server-nodemanager/src/test/java/org/apache/hadoop/yarn/server/nodemanager/containermanager/TestContainerManager.java,CMD
hadoop-mapreduce-project/hadoop-mapreduce-client/hadoop-mapreduce-client-app/src/main/java/org/apache/hadoop/mapreduce/v2/app/speculate/DefaultSpeculator.java,CMD
hadoop-mapreduce-project/hadoop-mapreduce-client/hadoop-mapreduce-client-app/src/test/java/org/apache/hadoop/mapreduce/v2/app/launcher/TestContainerLauncherImpl.java,CMD
hadoop-yarn-project/hadoop-yarn/hadoop-yarn-server/hadoop-yarn-server-nodemanager/src/main/java/org/apache/hadoop/yarn/server/nodemanager/containermanager/logaggregation/LogAggregationService.java,CMD
hadoop-yarn-project/hadoop-yarn/hadoop-yarn-server/hadoop-yarn-server-resourcemanager/src/test/java/org/apache/hadoop/yarn/server/resourcemanager/TestClientRMTokens.java,CMD
hadoop-yarn-project/hadoop-yarn/hadoop-yarn-server/hadoop-yarn-server-nodemanager/src/test/java/org/apache/hadoop/yarn/server/nodemanager/TestEventFlow.java,CMD
hadoop-yarn-project/hadoop-yarn/hadoop-yarn-server/hadoop-yarn-server-resourcemanager/src/main/java/org/apache/hadoop/yarn/server/resourcemanager/ApplicationMasterService.java,CMD
hadoop-mapreduce-project/hadoop-mapreduce-client/hadoop-mapreduce-client-jobclient/src/test/java/org/apache/hadoop/mapred/TestYARNRunner.java,CMD
hadoop-mapreduce-project/hadoop-mapreduce-client/hadoop-mapreduce-client-jobclient/src/test/java/org/apache/hadoop/mapred/TestClientRedirect.java,CMD
hadoop-mapreduce-project/hadoop-mapreduce-client/hadoop-mapreduce-client-common/src/main/java/org/apache/hadoop/mapreduce/v2/security/MRDelegationTokenRenewer.java,CMD
hadoop-common-project/hadoop-common/src/main/java/org/apache/hadoop/fs/FileSystem.java,CMD
hadoop-mapreduce-project/hadoop-mapreduce-client/hadoop-mapreduce-client-app/src/test/java/org/apache/hadoop/mapreduce/v2/app/TestStagingCleanup.java,CMD
hadoop-common-project/hadoop-common/src/main/java/org/apache/hadoop/ha/BadFencingConfigurationException.java,CMD
hadoop-mapreduce-project/hadoop-mapreduce-client/hadoop-mapreduce-client-app/src/test/java/org/apache/hadoop/mapreduce/v2/app/launcher/TestContainerLauncher.java,CMD
hadoop-mapreduce-project/hadoop-mapreduce-client/hadoop-mapreduce-client-jobclient/src/main/java/org/apache/hadoop/mapred/YARNRunner.java,CMD
hadoop-common-project/hadoop-common/src/main/java/org/apache/hadoop/ha/ShellCommandFencer.java,CMD
hadoop-yarn-project/hadoop-yarn/hadoop-yarn-server/hadoop-yarn-server-resourcemanager/src/test/java/org/apache/hadoop/yarn/server/resourcemanager/TestApplicationMasterLauncher.java,CMD
hadoop-mapreduce-project/hadoop-mapreduce-client/hadoop-mapreduce-client-jobclient/src/main/java/org/apache/hadoop/mapred/ClientServiceDelegate.java,CMD
hadoop-hdfs-project/hadoop-hdfs/src/main/java/org/apache/hadoop/hdfs/server/namenode/FSNamesystem.java,CMD
hadoop-yarn-project/hadoop-yarn/hadoop-yarn-server/hadoop-yarn-server-resourcemanager/src/main/java/org/apache/hadoop/yarn/server/resourcemanager/ClientRMService.java,CMD
hadoop-mapreduce-project/hadoop-mapreduce-client/hadoop-mapreduce-client-hs/src/main/java/org/apache/hadoop/mapreduce/v2/hs/HistoryClientService.java,CMD
hadoop-yarn-project/hadoop-yarn/hadoop-yarn-server/hadoop-yarn-server-nodemanager/src/test/java/org/apache/hadoop/yarn/server/nodemanager/webapp/TestNMWebServer.java,CMD
hadoop-yarn-project/hadoop-yarn/hadoop-yarn-server/hadoop-yarn-server-tests/src/test/java/org/apache/hadoop/yarn/server/TestContainerManagerSecurity.java,CMD
hadoop-common-project/hadoop-common/src/main/java/org/apache/hadoop/ha/HAServiceTarget.java,CMD
hadoop-yarn-project/hadoop-yarn/hadoop-yarn-client/src/main/java/org/apache/hadoop/yarn/client/AMRMClientImpl.java,CMD
hadoop-mapreduce-project/hadoop-mapreduce-client/hadoop-mapreduce-client-app/src/main/java/org/apache/hadoop/mapreduce/v2/app/local/LocalContainerAllocator.java,CMD
hadoop-yarn-project/hadoop-yarn/hadoop-yarn-server/hadoop-yarn-server-resourcemanager/src/test/java/org/apache/hadoop/yarn/server/resourcemanager/applicationsmanager/TestAMRMRPCResponseId.java,CMD
hadoop-mapreduce-project/hadoop-mapreduce-client/hadoop-mapreduce-client-hs/src/main/java/org/apache/hadoop/mapreduce/v2/hs/JobHistory.java,CMD
hadoop-yarn-project/hadoop-yarn/hadoop-yarn-server/hadoop-yarn-server-resourcemanager/src/test/java/org/apache/hadoop/yarn/server/resourcemanager/scheduler/fifo/TestFifoScheduler.java,CMD
hadoop-hdfs-project/hadoop-hdfs/src/test/java/org/apache/hadoop/hdfs/tools/TestDFSHAAdmin.java,CMD
hadoop-yarn-project/hadoop-yarn/hadoop-yarn-server/hadoop-yarn-server-nodemanager/src/main/java/org/apache/hadoop/yarn/server/nodemanager/NodeManager.java,CMD
hadoop-yarn-project/hadoop-yarn/hadoop-yarn-server/hadoop-yarn-server-nodemanager/src/test/java/org/apache/hadoop/yarn/server/nodemanager/TestNodeStatusUpdater.java,CMD
hadoop-hdfs-project/hadoop-hdfs/src/main/java/org/apache/hadoop/hdfs/tools/DFSHAAdmin.java,CMD
hadoop-mapreduce-project/hadoop-mapreduce-client/hadoop-mapreduce-client-app/src/main/java/org/apache/hadoop/mapreduce/v2/app/launcher/ContainerLauncherImpl.java,CMD
hadoop-yarn-project/hadoop-yarn/hadoop-yarn-server/hadoop-yarn-server-nodemanager/src/main/java/org/apache/hadoop/yarn/server/nodemanager/containermanager/ContainerManagerImpl.java,CMD
hadoop-common-project/hadoop-common/src/main/java/org/apache/hadoop/fs/local/LocalConfigKeys.java,CMD
hadoop-common-project/hadoop-common/src/test/java/org/apache/hadoop/ha/TestHAAdmin.java,CMD
hadoop-yarn-project/hadoop-yarn/hadoop-yarn-server/hadoop-yarn-server-resourcemanager/src/main/java/org/apache/hadoop/yarn/server/resourcemanager/rmapp/RMAppImpl.java,CMD
hadoop-yarn-project/hadoop-yarn/hadoop-yarn-api/src/main/java/org/apache/hadoop/yarn/api/AMRMProtocol.java,CMD
hadoop-yarn-project/hadoop-yarn/hadoop-yarn-common/src/main/java/org/apache/hadoop/yarn/util/BuilderUtils.java,CMD
hadoop-common-project/hadoop-common/src/main/java/org/apache/hadoop/ha/FenceMethod.java,CMD
hadoop-mapreduce-project/hadoop-mapreduce-client/hadoop-mapreduce-client-app/src/main/java/org/apache/hadoop/mapreduce/v2/app/rm/RMContainerRequestor.java,CMD
hadoop-yarn-project/hadoop-yarn/hadoop-yarn-server/hadoop-yarn-server-nodemanager/src/test/java/org/apache/hadoop/yarn/server/nodemanager/containermanager/logaggregation/TestLogAggregationService.java,CMD
hadoop-hdfs-project/hadoop-hdfs/src/main/java/org/apache/hadoop/hdfs/protocol/datatransfer/Sender.java,CPC
hadoop-hdfs-project/hadoop-hdfs/src/main/java/org/apache/hadoop/hdfs/server/namenode/FSImageTransactionalStorageInspector.java,CPC
hadoop-common-project/hadoop-common/src/main/java/org/apache/hadoop/security/SecurityUtil.java,CPC
hadoop-hdfs-project/hadoop-hdfs/src/main/java/org/apache/hadoop/hdfs/web/resources/NamenodeRpcAddressParam.java,CPC
hadoop-common-project/hadoop-common/src/main/java/org/apache/hadoop/security/token/Token.java,CPC
hadoop-common-project/hadoop-common/src/main/java/org/apache/hadoop/ipc/metrics/RpcMetrics.java,CPC
hadoop-hdfs-project/hadoop-hdfs/src/main/java/org/apache/hadoop/hdfs/server/namenode/FSImageFormat.java,CPC
hadoop-hdfs-project/hadoop-hdfs/src/main/java/org/apache/hadoop/hdfs/RemoteBlockReader2.java,CPC
hadoop-common-project/hadoop-common/src/main/java/org/apache/hadoop/metrics2/util/MBeans.java,CPC
hadoop-tools/hadoop-distcp/src/main/java/org/apache/hadoop/tools/GlobbedCopyListing.java,CPC
hadoop-tools/hadoop-distcp/src/main/java/org/apache/hadoop/tools/CopyListing.java,CPC
hadoop-common-project/hadoop-common/src/main/java/org/apache/hadoop/fs/FSDataOutputStream.java,CPC
hadoop-yarn-project/hadoop-yarn/hadoop-yarn-server/hadoop-yarn-server-resourcemanager/src/main/java/org/apache/hadoop/yarn/server/resourcemanager/ResourceManager.java,CPC
hadoop-common-project/hadoop-common/src/main/java/org/apache/hadoop/fs/RawLocalFileSystem.java,CPC
hadoop-hdfs-project/hadoop-hdfs/src/main/java/org/apache/hadoop/hdfs/protocol/HdfsLocatedFileStatus.java,CPC
hadoop-hdfs-project/hadoop-hdfs/src/main/java/org/apache/hadoop/hdfs/protocol/LocatedBlock.java,CPC
hadoop-hdfs-project/hadoop-hdfs/src/main/java/org/apache/hadoop/hdfs/protocol/SnapshotDiffReport.java,CPC
hadoop-mapreduce-project/hadoop-mapreduce-client/hadoop-mapreduce-client-core/src/main/java/org/apache/hadoop/mapred/JobClient.java,CPC
hadoop-hdfs-project/hadoop-hdfs/src/main/java/org/apache/hadoop/hdfs/server/blockmanagement/DatanodeManager.java,CPC
hadoop-hdfs-project/hadoop-hdfs/src/main/java/org/apache/hadoop/hdfs/server/blockmanagement/BlockPlacementPolicy.java,CPC
hadoop-common-project/hadoop-common/src/main/java/org/apache/hadoop/ipc/RPC.java,CPC
hadoop-hdfs-project/hadoop-hdfs/src/main/java/org/apache/hadoop/hdfs/protocol/LocatedBlocks.java,CPC
hadoop-common-project/hadoop-common/src/main/java/org/apache/hadoop/fs/Path.java,CPC
hadoop-common-project/hadoop-common/src/main/java/org/apache/hadoop/http/HttpConfig.java,CPC
hadoop-hdfs-project/hadoop-hdfs/src/main/java/org/apache/hadoop/hdfs/HAUtil.java,CPC
hadoop-hdfs-project/hadoop-hdfs/src/main/java/org/apache/hadoop/hdfs/server/blockmanagement/BlockManager.java,CPC
hadoop-hdfs-project/hadoop-hdfs/src/main/java/org/apache/hadoop/hdfs/server/namenode/CheckpointSignature.java,CPC
hadoop-common-project/hadoop-common/src/main/java/org/apache/hadoop/security/authorize/ServiceAuthorizationManager.java,CPC
hadoop-common-project/hadoop-common/src/main/java/org/apache/hadoop/io/SecureIOUtils.java,CPC
hadoop-hdfs-project/hadoop-hdfs/src/main/java/org/apache/hadoop/hdfs/server/namenode/RedundantEditLogInputStream.java,CPC
hadoop-hdfs-project/hadoop-hdfs/src/main/java/org/apache/hadoop/hdfs/server/namenode/snapshot/AbstractINodeDiff.java,CPC
hadoop-yarn-project/hadoop-yarn/hadoop-yarn-server/hadoop-yarn-server-nodemanager/src/main/java/org/apache/hadoop/yarn/server/nodemanager/containermanager/ContainerManagerImpl.java,CPC
hadoop-mapreduce-project/hadoop-mapreduce-client/hadoop-mapreduce-client-jobclient/src/test/java/org/apache/hadoop/mapreduce/RandomTextWriter.java,CPC
hadoop-yarn-project/hadoop-yarn/hadoop-yarn-client/src/main/java/org/apache/hadoop/yarn/client/api/async/impl/AMRMClientAsyncImpl.java,CPC
hadoop-tools/hadoop-distcp/src/main/java/org/apache/hadoop/tools/DistCpOptions.java,CPC
hadoop-tools/hadoop-rumen/src/main/java/org/apache/hadoop/tools/rumen/LoggedLocation.java,CPC
hadoop-hdfs-project/hadoop-hdfs/src/main/java/org/apache/hadoop/hdfs/tools/DFSHAAdmin.java,CPC
hadoop-hdfs-project/hadoop-hdfs/src/main/java/org/apache/hadoop/hdfs/server/namenode/snapshot/SnapshotFSImageFormat.java,CPC
hadoop-common-project/hadoop-common/src/main/java/org/apache/hadoop/fs/AbstractFileSystem.java,CPC
hadoop-common-project/hadoop-common/src/main/java/org/apache/hadoop/security/SaslRpcClient.java,CPC
hadoop-hdfs-project/hadoop-hdfs/src/main/java/org/apache/hadoop/hdfs/server/protocol/BlockCommand.java,CPC
hadoop-common-project/hadoop-common/src/main/java/org/apache/hadoop/fs/FilterFileSystem.java,CPC
hadoop-hdfs-project/hadoop-hdfs/src/main/java/org/apache/hadoop/hdfs/security/token/delegation/DelegationTokenSecretManager.java,CPC
hadoop-hdfs-project/hadoop-hdfs/src/main/java/org/apache/hadoop/hdfs/protocolPB/ClientNamenodeProtocolTranslatorPB.java,CPC
hadoop-hdfs-project/hadoop-hdfs/src/main/java/org/apache/hadoop/hdfs/server/namenode/INodeDirectory.java,CPC
hadoop-hdfs-project/hadoop-hdfs/src/main/java/org/apache/hadoop/hdfs/server/blockmanagement/DatanodeDescriptor.java,CPC
hadoop-yarn-project/hadoop-yarn/hadoop-yarn-server/hadoop-yarn-server-resourcemanager/src/main/java/org/apache/hadoop/yarn/server/resourcemanager/webapp/RMWebServices.java,CPC
hadoop-yarn-project/hadoop-yarn/hadoop-yarn-client/src/main/java/org/apache/hadoop/yarn/client/api/YarnClient.java,CPC
hadoop-hdfs-project/hadoop-hdfs/src/main/java/org/apache/hadoop/hdfs/server/namenode/TransferFsImage.java,CPC
hadoop-hdfs-project/hadoop-hdfs/src/main/java/org/apache/hadoop/hdfs/protocolPB/NamenodeProtocolServerSideTranslatorPB.java,CPC
hadoop-common-project/hadoop-common/src/main/java/org/apache/hadoop/conf/Configuration.java,CPC
hadoop-hdfs-project/hadoop-hdfs/src/main/java/org/apache/hadoop/hdfs/server/namenode/INodeReference.java,CPC
hadoop-yarn-project/hadoop-yarn/hadoop-yarn-client/src/main/java/org/apache/hadoop/yarn/client/api/async/AMRMClientAsync.java,CPC
hadoop-hdfs-project/hadoop-hdfs/src/main/java/org/apache/hadoop/hdfs/net/TcpPeerServer.java,CPC
hadoop-mapreduce-project/hadoop-mapreduce-client/hadoop-mapreduce-client-core/src/main/java/org/apache/hadoop/mapred/BackupStore.java,CPC
hadoop-tools/hadoop-distcp/src/main/java/org/apache/hadoop/tools/SimpleCopyListing.java,CPC
hadoop-hdfs-project/hadoop-hdfs/src/main/java/org/apache/hadoop/hdfs/server/namenode/INode.java,CPC
hadoop-hdfs-project/hadoop-hdfs/src/main/java/org/apache/hadoop/hdfs/server/namenode/INodeWithAdditionalFields.java,CPC
hadoop-common-project/hadoop-common/src/main/java/org/apache/hadoop/metrics2/lib/DefaultMetricsSystem.java,CPC
hadoop-common-project/hadoop-common/src/main/java/org/apache/hadoop/security/HadoopKerberosName.java,CPC
hadoop-hdfs-project/hadoop-hdfs/src/main/java/org/apache/hadoop/hdfs/server/datanode/SecureDataNodeStarter.java,CPC
hadoop-yarn-project/hadoop-yarn/hadoop-yarn-server/hadoop-yarn-server-resourcemanager/src/main/java/org/apache/hadoop/yarn/server/resourcemanager/ClientRMService.java,CPC
hadoop-hdfs-project/hadoop-hdfs/src/main/java/org/apache/hadoop/hdfs/protocol/HdfsFileStatus.java,CPC
hadoop-hdfs-project/hadoop-hdfs/src/main/java/org/apache/hadoop/hdfs/server/namenode/LeaseManager.java,CPC
hadoop-hdfs-project/hadoop-hdfs/src/main/java/org/apache/hadoop/hdfs/server/namenode/INodeMap.java,CPC
hadoop-hdfs-project/hadoop-hdfs/src/main/java/org/apache/hadoop/hdfs/server/namenode/EditLogFileInputStream.java,CPC
hadoop-yarn-project/hadoop-yarn/hadoop-yarn-client/src/main/java/org/apache/hadoop/yarn/client/api/impl/YarnClientImpl.java,CPC
hadoop-hdfs-project/hadoop-hdfs/src/main/java/org/apache/hadoop/hdfs/server/protocol/NamespaceInfo.java,CPC
hadoop-hdfs-project/hadoop-hdfs/src/main/java/org/apache/hadoop/hdfs/server/namenode/EditLogBackupOutputStream.java,CPC
hadoop-common-project/hadoop-common/src/main/java/org/apache/hadoop/ipc/ProtobufRpcEngine.java,CPC
hadoop-common-project/hadoop-common/src/main/java/org/apache/hadoop/fs/DF.java,CPC
hadoop-hdfs-project/hadoop-hdfs/src/main/java/org/apache/hadoop/hdfs/server/namenode/FSImageSerialization.java,CPC
hadoop-common-project/hadoop-common/src/main/java/org/apache/hadoop/util/StringUtils.java,CPC
hadoop-mapreduce-project/hadoop-mapreduce-client/hadoop-mapreduce-client-core/src/main/java/org/apache/hadoop/mapreduce/JobSubmitter.java,CPC
hadoop-common-project/hadoop-common/src/main/java/org/apache/hadoop/fs/LocalFileSystem.java,CPC
hadoop-hdfs-project/hadoop-hdfs/src/main/java/org/apache/hadoop/hdfs/protocol/datatransfer/DataTransferEncryptor.java,CPC
hadoop-hdfs-project/hadoop-hdfs/src/main/java/org/apache/hadoop/hdfs/server/namenode/INodeId.java,CPC
hadoop-mapreduce-project/hadoop-mapreduce-client/hadoop-mapreduce-client-core/src/main/java/org/apache/hadoop/mapred/TaskAttemptContextImpl.java,CPC
hadoop-common-project/hadoop-common/src/main/java/org/apache/hadoop/ipc/Server.java,CPC
hadoop-mapreduce-project/hadoop-mapreduce-client/hadoop-mapreduce-client-core/src/main/java/org/apache/hadoop/mapred/TaskReport.java,CPC
hadoop-common-project/hadoop-common/src/main/java/org/apache/hadoop/ipc/ClientCache.java,CPC
hadoop-mapreduce-project/hadoop-mapreduce-client/hadoop-mapreduce-client-core/src/main/java/org/apache/hadoop/mapred/FileOutputFormat.java,CPC
hadoop-common-project/hadoop-common/src/main/java/org/apache/hadoop/fs/ChecksumFileSystem.java,CPC
hadoop-hdfs-project/hadoop-hdfs/src/main/java/org/apache/hadoop/hdfs/server/namenode/FSEditLogLoader.java,CPC
hadoop-hdfs-project/hadoop-hdfs/src/main/java/org/apache/hadoop/hdfs/tools/NNHAServiceTarget.java,CPC
hadoop-tools/hadoop-rumen/src/main/java/org/apache/hadoop/tools/rumen/ParsedHost.java,CPC
hadoop-mapreduce-project/hadoop-mapreduce-client/hadoop-mapreduce-client-core/src/main/java/org/apache/hadoop/mapreduce/task/reduce/InMemoryReader.java,CPC
hadoop-common-project/hadoop-common/src/main/java/org/apache/hadoop/fs/FsServerDefaults.java,CPC
hadoop-mapreduce-project/hadoop-mapreduce-client/hadoop-mapreduce-client-core/src/main/java/org/apache/hadoop/mapred/Counters.java,CPC
hadoop-common-project/hadoop-common/src/main/java/org/apache/hadoop/fs/FileUtil.java,CPC
hadoop-hdfs-project/hadoop-hdfs/src/main/java/org/apache/hadoop/hdfs/NameNodeProxies.java,CPC
hadoop-hdfs-project/hadoop-hdfs/src/main/java/org/apache/hadoop/hdfs/protocol/SnapshottableDirectoryStatus.java,CPC
hadoop-hdfs-project/hadoop-hdfs/src/main/java/org/apache/hadoop/hdfs/server/namenode/INodeFileUnderConstruction.java,CPC
hadoop-mapreduce-project/hadoop-mapreduce-client/hadoop-mapreduce-client-core/src/main/java/org/apache/hadoop/mapreduce/TaskID.java,CPC
hadoop-hdfs-project/hadoop-hdfs/src/main/java/org/apache/hadoop/hdfs/protocol/datatransfer/DataTransferProtoUtil.java,CPC
hadoop-mapreduce-project/hadoop-mapreduce-client/hadoop-mapreduce-client-core/src/main/java/org/apache/hadoop/mapreduce/task/reduce/MergeManagerImpl.java,CPC
hadoop-hdfs-project/hadoop-hdfs/src/main/java/org/apache/hadoop/hdfs/DFSUtil.java,CPC
hadoop-hdfs-project/hadoop-hdfs/src/main/java/org/apache/hadoop/hdfs/server/namenode/snapshot/SnapshotManager.java,CPC
hadoop-mapreduce-project/hadoop-mapreduce-examples/src/main/java/org/apache/hadoop/examples/pi/DistSum.java,CPC
hadoop-hdfs-project/hadoop-hdfs/src/main/java/org/apache/hadoop/hdfs/server/namenode/snapshot/FileWithSnapshot.java,CPC
hadoop-hdfs-project/hadoop-hdfs/src/main/java/org/apache/hadoop/hdfs/server/namenode/BackupJournalManager.java,CPC
hadoop-common-project/hadoop-common/src/main/java/org/apache/hadoop/ipc/ProtocolSignature.java,CPC
hadoop-tools/hadoop-extras/src/main/java/org/apache/hadoop/tools/DistCh.java,CPC
hadoop-hdfs-project/hadoop-hdfs/src/main/java/org/apache/hadoop/hdfs/server/namenode/BackupImage.java,CPC
hadoop-hdfs-project/hadoop-hdfs/src/main/java/org/apache/hadoop/hdfs/protocol/datatransfer/PipelineAck.java,CPC
hadoop-hdfs-project/hadoop-hdfs/src/main/java/org/apache/hadoop/hdfs/DFSInputStream.java,CPC
hadoop-hdfs-project/hadoop-hdfs/src/main/java/org/apache/hadoop/hdfs/server/namenode/snapshot/INodeFileUnderConstructionWithSnapshot.java,CPC
hadoop-hdfs-project/hadoop-hdfs/src/main/java/org/apache/hadoop/hdfs/server/namenode/ha/BootstrapStandby.java,CPC
hadoop-hdfs-project/hadoop-hdfs/src/main/java/org/apache/hadoop/hdfs/server/namenode/snapshot/INodeFileWithSnapshot.java,CPC
hadoop-hdfs-project/hadoop-hdfs/src/main/java/org/apache/hadoop/hdfs/protocolPB/PBHelper.java,CPC
hadoop-mapreduce-project/hadoop-mapreduce-client/hadoop-mapreduce-client-core/src/main/java/org/apache/hadoop/mapreduce/Cluster.java,CPC
hadoop-hdfs-project/hadoop-hdfs/src/main/java/org/apache/hadoop/hdfs/BlockReaderFactory.java,CPC
hadoop-common-project/hadoop-common/src/main/java/org/apache/hadoop/fs/FileStatus.java,CPC
hadoop-common-project/hadoop-common/src/main/java/org/apache/hadoop/io/nativeio/NativeIO.java,CPC
hadoop-hdfs-project/hadoop-hdfs/src/main/java/org/apache/hadoop/hdfs/protocolPB/ClientDatanodeProtocolTranslatorPB.java,CPC
hadoop-hdfs-project/hadoop-hdfs/src/main/java/org/apache/hadoop/hdfs/server/namenode/SecondaryNameNode.java,CPC
hadoop-common-project/hadoop-common/src/main/java/org/apache/hadoop/io/IOUtils.java,CPC
hadoop-common-project/hadoop-common/src/main/java/org/apache/hadoop/io/Text.java,CPC
hadoop-mapreduce-project/hadoop-mapreduce-client/hadoop-mapreduce-client-core/src/main/java/org/apache/hadoop/mapred/TaskID.java,CPC
hadoop-hdfs-project/hadoop-hdfs/src/main/java/org/apache/hadoop/hdfs/protocolPB/NamenodeProtocolTranslatorPB.java,CPC
hadoop-common-project/hadoop-common/src/main/java/org/apache/hadoop/net/NetUtils.java,CPC
hadoop-hdfs-project/hadoop-hdfs/src/main/java/org/apache/hadoop/hdfs/server/namenode/EditLogBackupInputStream.java,CPC
hadoop-mapreduce-project/hadoop-mapreduce-client/hadoop-mapreduce-client-common/src/main/java/org/apache/hadoop/mapreduce/TypeConverter.java,CPC
hadoop-mapreduce-project/hadoop-mapreduce-client/hadoop-mapreduce-client-core/src/main/java/org/apache/hadoop/mapreduce/JobID.java,CPC
hadoop-hdfs-project/hadoop-hdfs/src/main/java/org/apache/hadoop/hdfs/server/blockmanagement/BlockInfoUnderConstruction.java,CPC
hadoop-hdfs-project/hadoop-hdfs/src/main/java/org/apache/hadoop/hdfs/server/namenode/SequentialBlockIdGenerator.java,CPC
hadoop-common-project/hadoop-common/src/main/java/org/apache/hadoop/fs/FileContext.java,CPC
hadoop-hdfs-project/hadoop-hdfs/src/main/java/org/apache/hadoop/hdfs/server/namenode/INodesInPath.java,CPC
hadoop-hdfs-project/hadoop-hdfs/src/main/java/org/apache/hadoop/hdfs/server/namenode/snapshot/INodeDirectoryWithSnapshot.java,CPC
hadoop-common-project/hadoop-common/src/main/java/org/apache/hadoop/metrics2/impl/MetricsSourceAdapter.java,CPC
hadoop-mapreduce-project/hadoop-mapreduce-examples/src/main/java/org/apache/hadoop/examples/pi/TaskResult.java,CPC
hadoop-hdfs-project/hadoop-hdfs/src/main/java/org/apache/hadoop/hdfs/client/HdfsDataOutputStream.java,CPC
hadoop-yarn-project/hadoop-yarn/hadoop-yarn-server/hadoop-yarn-server-nodemanager/src/main/java/org/apache/hadoop/yarn/server/nodemanager/containermanager/launcher/ContainerLaunch.java,CPC
hadoop-common-project/hadoop-common/src/main/java/org/apache/hadoop/security/ssl/SSLFactory.java,CPC
hadoop-mapreduce-project/hadoop-mapreduce-client/hadoop-mapreduce-client-core/src/main/java/org/apache/hadoop/mapreduce/counters/AbstractCounters.java,CPC
hadoop-hdfs-project/hadoop-hdfs/src/main/java/org/apache/hadoop/hdfs/server/namenode/NameNodeHttpServer.java,CPC
hadoop-hdfs-project/hadoop-hdfs/src/main/java/org/apache/hadoop/hdfs/server/namenode/BackupNode.java,CPC
hadoop-hdfs-project/hadoop-hdfs/src/main/java/org/apache/hadoop/hdfs/DFSClient.java,CPC
hadoop-mapreduce-project/hadoop-mapreduce-client/hadoop-mapreduce-client-core/src/main/java/org/apache/hadoop/mapreduce/task/TaskInputOutputContextImpl.java,CPC
hadoop-yarn-project/hadoop-yarn/hadoop-yarn-client/src/main/java/org/apache/hadoop/yarn/client/api/async/NMClientAsync.java,CPC
hadoop-hdfs-project/hadoop-hdfs/src/main/java/org/apache/hadoop/hdfs/server/protocol/BlockRecoveryCommand.java,CPC
hadoop-yarn-project/hadoop-yarn/hadoop-yarn-server/hadoop-yarn-server-nodemanager/src/main/java/org/apache/hadoop/yarn/server/nodemanager/NodeStatusUpdaterImpl.java,CPC
hadoop-yarn-project/hadoop-yarn/hadoop-yarn-server/hadoop-yarn-server-resourcemanager/src/main/java/org/apache/hadoop/yarn/server/resourcemanager/security/DelegationTokenRenewer.java,CPC
hadoop-hdfs-project/hadoop-hdfs/src/main/java/org/apache/hadoop/hdfs/server/namenode/FSNamesystem.java,CPC
hadoop-common-project/hadoop-common/src/main/java/org/apache/hadoop/security/authorize/ProxyUsers.java,CPC
hadoop-common-project/hadoop-common/src/main/java/org/apache/hadoop/security/User.java,CPC
hadoop-mapreduce-project/hadoop-mapreduce-examples/src/main/java/org/apache/hadoop/examples/pi/Util.java,CPC
hadoop-mapreduce-project/hadoop-mapreduce-client/hadoop-mapreduce-client-app/src/main/java/org/apache/hadoop/mapreduce/v2/app/MRAppMaster.java,CPC
hadoop-hdfs-project/hadoop-hdfs/src/main/java/org/apache/hadoop/hdfs/server/namenode/INodeFile.java,CPC
hadoop-hdfs-project/hadoop-hdfs/src/main/java/org/apache/hadoop/hdfs/protocol/DatanodeInfo.java,CPC
hadoop-mapreduce-project/hadoop-mapreduce-client/hadoop-mapreduce-client-core/src/main/java/org/apache/hadoop/mapred/FileOutputCommitter.java,CPC
hadoop-hdfs-project/hadoop-hdfs/src/main/java/org/apache/hadoop/hdfs/server/namenode/GetImageServlet.java,CPC
hadoop-mapreduce-project/hadoop-mapreduce-client/hadoop-mapreduce-client-core/src/main/java/org/apache/hadoop/mapreduce/tools/CLI.java,CPC
hadoop-common-project/hadoop-common/src/main/java/org/apache/hadoop/fs/LocatedFileStatus.java,CPC
hadoop-hdfs-project/hadoop-hdfs/src/main/java/org/apache/hadoop/hdfs/web/JsonUtil.java,CPC
hadoop-mapreduce-project/hadoop-mapreduce-client/hadoop-mapreduce-client-core/src/main/java/org/apache/hadoop/mapreduce/TaskAttemptID.java,CPC
hadoop-hdfs-project/hadoop-hdfs/src/main/java/org/apache/hadoop/hdfs/server/namenode/web/resources/NamenodeWebHdfsMethods.java,CPC
hadoop-yarn-project/hadoop-yarn/hadoop-yarn-client/src/main/java/org/apache/hadoop/yarn/client/api/impl/NMClientImpl.java,CPC
hadoop-hdfs-project/hadoop-hdfs/src/main/java/org/apache/hadoop/hdfs/RemoteBlockReader.java,CPC
hadoop-hdfs-project/hadoop-hdfs/src/main/java/org/apache/hadoop/hdfs/server/namenode/NameNode.java,CPC
hadoop-hdfs-project/hadoop-hdfs/src/main/java/org/apache/hadoop/hdfs/server/namenode/FSImage.java,CPC
hadoop-hdfs-project/hadoop-hdfs/src/main/java/org/apache/hadoop/hdfs/server/datanode/DataNode.java,CPC
hadoop-common-project/hadoop-common/src/main/java/org/apache/hadoop/io/serializer/SerializationFactory.java,CPC
hadoop-mapreduce-project/hadoop-mapreduce-client/hadoop-mapreduce-client-core/src/main/java/org/apache/hadoop/mapreduce/counters/LimitExceededException.java,CPC
hadoop-mapreduce-project/hadoop-mapreduce-client/hadoop-mapreduce-client-core/src/main/java/org/apache/hadoop/mapreduce/Job.java,CPC
hadoop-hdfs-project/hadoop-hdfs/src/main/java/org/apache/hadoop/hdfs/server/blockmanagement/Host2NodesMap.java,CPC
hadoop-hdfs-project/hadoop-hdfs/src/main/java/org/apache/hadoop/hdfs/server/namenode/INodeAttributes.java,CPC
hadoop-common-project/hadoop-common/src/main/java/org/apache/hadoop/fs/FSLinkResolver.java,CPC
hadoop-yarn-project/hadoop-yarn/hadoop-yarn-server/hadoop-yarn-server-resourcemanager/src/main/java/org/apache/hadoop/yarn/server/resourcemanager/webapp/RMWebApp.java,CPC
hadoop-hdfs-project/hadoop-hdfs/src/main/java/org/apache/hadoop/hdfs/protocolPB/JournalProtocolTranslatorPB.java,CPC
hadoop-mapreduce-project/hadoop-mapreduce-client/hadoop-mapreduce-client-core/src/main/java/org/apache/hadoop/mapreduce/counters/AbstractCounterGroup.java,CPC
hadoop-mapreduce-project/hadoop-mapreduce-client/hadoop-mapreduce-client-app/src/main/java/org/apache/hadoop/mapreduce/v2/app/rm/RMCommunicator.java,CPC
hadoop-common-project/hadoop-common/src/main/java/org/apache/hadoop/util/ReflectionUtils.java,CPC
hadoop-common-project/hadoop-common/src/main/java/org/apache/hadoop/ipc/Client.java,CPC
hadoop-mapreduce-project/hadoop-mapreduce-examples/src/main/java/org/apache/hadoop/examples/pi/SummationWritable.java,CPC
hadoop-mapreduce-project/hadoop-mapreduce-client/hadoop-mapreduce-client-core/src/main/java/org/apache/hadoop/mapred/JobID.java,CPC
hadoop-hdfs-project/hadoop-hdfs/src/main/java/org/apache/hadoop/hdfs/server/namenode/INodeSymlink.java,CPC
hadoop-hdfs-project/hadoop-hdfs/src/main/java/org/apache/hadoop/hdfs/BlockStorageLocationUtil.java,CPC
hadoop-hdfs-project/hadoop-hdfs/src/main/java/org/apache/hadoop/hdfs/server/namenode/FSDirectory.java,CPC
hadoop-hdfs-project/hadoop-hdfs/src/main/java/org/apache/hadoop/hdfs/server/namenode/INodeFileAttributes.java,CPC
hadoop-mapreduce-project/hadoop-mapreduce-client/hadoop-mapreduce-client-core/src/main/java/org/apache/hadoop/mapreduce/JobSubmissionFiles.java,CPC
hadoop-yarn-project/hadoop-yarn/hadoop-yarn-client/src/main/java/org/apache/hadoop/yarn/client/api/impl/AMRMClientImpl.java,CPC
hadoop-mapreduce-project/hadoop-mapreduce-client/hadoop-mapreduce-client-core/src/main/java/org/apache/hadoop/mapreduce/counters/Limits.java,CPC
hadoop-hdfs-project/hadoop-hdfs/src/main/java/org/apache/hadoop/hdfs/protocol/DirectoryListing.java,CPC
hadoop-hdfs-project/hadoop-hdfs/src/main/java/org/apache/hadoop/hdfs/server/namenode/EditLogInputStream.java,CPC
hadoop-tools/hadoop-rumen/src/main/java/org/apache/hadoop/tools/rumen/datatypes/NodeName.java,CPC
hadoop-mapreduce-project/hadoop-mapreduce-examples/src/main/java/org/apache/hadoop/examples/pi/math/ArithmeticProgression.java,CPC
hadoop-hdfs-project/hadoop-hdfs/src/main/java/org/apache/hadoop/hdfs/server/namenode/ha/StandbyCheckpointer.java,CPC
hadoop-tools/hadoop-distcp/src/main/java/org/apache/hadoop/tools/FileBasedCopyListing.java,CPC
hadoop-hdfs-project/hadoop-hdfs/src/main/java/org/apache/hadoop/hdfs/server/namenode/FSImagePreTransactionalStorageInspector.java,CPC
hadoop-hdfs-project/hadoop-hdfs/src/main/java/org/apache/hadoop/hdfs/server/namenode/FileJournalManager.java,CPC
hadoop-yarn-project/hadoop-yarn/hadoop-yarn-client/src/main/java/org/apache/hadoop/yarn/client/api/async/impl/NMClientAsyncImpl.java,CPC
hadoop-hdfs-project/hadoop-hdfs/src/main/java/org/apache/hadoop/hdfs/server/blockmanagement/DecommissionManager.java,CPC
hadoop-hdfs-project/hadoop-hdfs/src/main/java/org/apache/hadoop/hdfs/server/blockmanagement/HeartbeatManager.java,CPC
hadoop-hdfs-project/hadoop-hdfs/src/main/java/org/apache/hadoop/hdfs/client/HdfsDataInputStream.java,CPC
hadoop-mapreduce-project/hadoop-mapreduce-client/hadoop-mapreduce-client-common/src/main/java/org/apache/hadoop/mapreduce/v2/util/MRApps.java,CPC
hadoop-hdfs-project/hadoop-hdfs/src/main/java/org/apache/hadoop/hdfs/server/namenode/Checkpointer.java,CPC
hadoop-hdfs-project/hadoop-hdfs/src/main/java/org/apache/hadoop/hdfs/BlockReaderLocalLegacy.java,CPC
hadoop-hdfs-project/hadoop-hdfs/src/main/java/org/apache/hadoop/hdfs/server/namenode/snapshot/Snapshot.java,CPC
hadoop-mapreduce-project/hadoop-mapreduce-client/hadoop-mapreduce-client-core/src/main/java/org/apache/hadoop/mapred/TaskAttemptID.java,CPC
hadoop-tools/hadoop-distcp/src/main/java/org/apache/hadoop/tools/util/DistCpUtils.java,CPC
hadoop-hdfs-project/hadoop-hdfs/src/main/java/org/apache/hadoop/hdfs/server/namenode/ha/EditLogTailer.java,CPC
hadoop-common-project/hadoop-common/src/main/java/org/apache/hadoop/security/UserGroupInformation.java,CPC
hadoop-common-project/hadoop-common/src/main/java/org/apache/hadoop/io/WritableUtils.java,CPC
hadoop-common-project/hadoop-common/src/main/java/org/apache/hadoop/ipc/ProtocolProxy.java,CPC
hadoop-hdfs-project/hadoop-hdfs/src/main/java/org/apache/hadoop/hdfs/server/namenode/NNStorageRetentionManager.java,CPC
hadoop-common-project/hadoop-common/src/main/java/org/apache/hadoop/metrics2/impl/MetricsSystemImpl.java,CPC
hadoop-hdfs-project/hadoop-hdfs/src/main/java/org/apache/hadoop/hdfs/web/WebHdfsFileSystem.java,CPC
hadoop-yarn-project/hadoop-yarn/hadoop-yarn-server/hadoop-yarn-server-nodemanager/src/main/java/org/apache/hadoop/yarn/server/nodemanager/NodeManager.java,CPC
hadoop-hdfs-project/hadoop-hdfs/src/main/java/org/apache/hadoop/hdfs/DistributedFileSystem.java,CPC
hadoop-common-project/hadoop-common/src/main/java/org/apache/hadoop/security/Credentials.java,CPC
hadoop-common-project/hadoop-common/src/main/java/org/apache/hadoop/security/authorize/AccessControlList.java,CPC
hadoop-hdfs-project/hadoop-hdfs/src/main/java/org/apache/hadoop/hdfs/DFSOutputStream.java,CPC
hadoop-mapreduce-project/hadoop-mapreduce-client/hadoop-mapreduce-client-core/src/main/java/org/apache/hadoop/mapreduce/TaskReport.java,CPC
hadoop-yarn-project/hadoop-yarn/hadoop-yarn-client/src/main/java/org/apache/hadoop/yarn/client/api/AMRMClient.java,CPC
hadoop-common-project/hadoop-common/src/main/java/org/apache/hadoop/fs/permission/FsPermission.java,CPC
hadoop-hdfs-project/hadoop-hdfs/src/main/java/org/apache/hadoop/hdfs/server/blockmanagement/InvalidateBlocks.java,CPC
hadoop-mapreduce-project/hadoop-mapreduce-client/hadoop-mapreduce-client-app/src/main/java/org/apache/hadoop/mapreduce/v2/app/rm/RMContainerRequestor.java,CPC
hadoop-mapreduce-project/hadoop-mapreduce-client/hadoop-mapreduce-client-core/src/main/java/org/apache/hadoop/mapreduce/task/TaskAttemptContextImpl.java,CPC
hadoop-tools/hadoop-extras/src/main/java/org/apache/hadoop/tools/DistTool.java,CPC
hadoop-hdfs-project/hadoop-hdfs/src/main/java/org/apache/hadoop/hdfs/server/namenode/NameNodeRpcServer.java,CPC
hadoop-hdfs-project/hadoop-hdfs/src/main/java/org/apache/hadoop/hdfs/CorruptFileBlockIterator.java,CPC
hadoop-common-project/hadoop-common/src/main/java/org/apache/hadoop/util/ProtoUtil.java,CPC
hadoop-yarn-project/hadoop-yarn/hadoop-yarn-server/hadoop-yarn-server-nodemanager/src/main/java/org/apache/hadoop/yarn/server/nodemanager/containermanager/launcher/ContainersLauncher.java,CPC
hadoop-mapreduce-project/hadoop-mapreduce-client/hadoop-mapreduce-client-core/src/main/java/org/apache/hadoop/mapreduce/task/ReduceContextImpl.java,CPC
hadoop-hdfs-project/hadoop-hdfs/src/main/java/org/apache/hadoop/hdfs/DomainSocketFactory.java,CPC
hadoop-yarn-project/hadoop-yarn/hadoop-yarn-client/src/main/java/org/apache/hadoop/yarn/client/api/NMClient.java,CPC
hadoop-hdfs-project/hadoop-hdfs/src/main/java/org/apache/hadoop/hdfs/server/namenode/FSEditLogOp.java,CPC
hadoop-hdfs-project/hadoop-hdfs/src/main/java/org/apache/hadoop/hdfs/server/namenode/JournalSet.java,CPC
hadoop-hdfs-project/hadoop-hdfs/src/main/java/org/apache/hadoop/hdfs/tools/DFSZKFailoverController.java,CPC
hadoop-mapreduce-project/hadoop-mapreduce-client/hadoop-mapreduce-client-core/src/main/java/org/apache/hadoop/mapreduce/split/JobSplitWriter.java,CPC
hadoop-tools/hadoop-distcp/src/main/java/org/apache/hadoop/tools/DistCpOptionSwitch.java,CPC
hadoop-common-project/hadoop-common/src/main/java/org/apache/hadoop/security/Groups.java,CPC
hadoop-hdfs-project/hadoop-hdfs/src/main/java/org/apache/hadoop/hdfs/server/namenode/FSPermissionChecker.java,CPC
hadoop-common-project/hadoop-common/src/main/java/org/apache/hadoop/util/NativeCodeLoader.java,CPC
hadoop-common-project/hadoop-common/src/main/java/org/apache/hadoop/fs/FileSystem.java,CPC
hadoop-hdfs-project/hadoop-hdfs/src/main/java/org/apache/hadoop/hdfs/server/namenode/INodeDirectoryWithQuota.java,CPC
hadoop-yarn-project/hadoop-yarn/hadoop-yarn-server/hadoop-yarn-server-resourcemanager/src/main/java/org/apache/hadoop/yarn/server/resourcemanager/webapp/dao/FifoSchedulerInfo.java,CPC
hadoop-hdfs-project/hadoop-hdfs/src/main/java/org/apache/hadoop/hdfs/server/common/JspHelper.java,CPC
hadoop-mapreduce-project/hadoop-mapreduce-examples/src/main/java/org/apache/hadoop/examples/pi/math/Summation.java,CPC
hadoop-hdfs-project/hadoop-hdfs/src/main/java/org/apache/hadoop/hdfs/server/namenode/INodeDirectoryAttributes.java,CPC
hadoop-yarn-project/hadoop-yarn/hadoop-yarn-server/hadoop-yarn-server-resourcemanager/src/main/java/org/apache/hadoop/yarn/server/resourcemanager/webapp/dao/ClusterMetricsInfo.java,CPC
hadoop-mapreduce-project/hadoop-mapreduce-client/hadoop-mapreduce-client-app/src/main/java/org/apache/hadoop/mapreduce/v2/app/rm/RMContainerAllocator.java,CPC
hadoop-yarn-project/hadoop-yarn/hadoop-yarn-server/hadoop-yarn-server-resourcemanager/src/main/java/org/apache/hadoop/yarn/server/resourcemanager/RMAppManager.java,CPC
hadoop-hdfs-project/hadoop-hdfs/src/main/java/org/apache/hadoop/hdfs/server/namenode/NNStorage.java,CPC
hadoop-hdfs-project/hadoop-hdfs/src/main/java/org/apache/hadoop/hdfs/server/namenode/FSEditLog.java,CPC
hadoop-mapreduce-project/hadoop-mapreduce-client/hadoop-mapreduce-client-core/src/main/java/org/apache/hadoop/mapred/Task.java,CPC
hadoop-common-project/hadoop-common/src/main/java/org/apache/hadoop/security/SaslRpcServer.java,CPC
hadoop-mapreduce-project/hadoop-mapreduce-client/hadoop-mapreduce-client-app/src/main/java/org/apache/hadoop/mapreduce/v2/app/local/LocalContainerAllocator.java,CPC
hadoop-common-project/hadoop-common/src/main/java/org/apache/hadoop/fs/FSInputChecker.java,CPC
hadoop-hdfs-project/hadoop-hdfs/src/main/java/org/apache/hadoop/hdfs/server/namenode/snapshot/INodeDirectorySnapshottable.java,CPC
hadoop-hdfs-project/hadoop-hdfs/src/main/java/org/apache/hadoop/hdfs/server/namenode/snapshot/AbstractINodeDiffList.java,CPC
